,Year,Lag1,Lag2,Lag3,Lag4,Lag5,Volume,Today,Direction
1,2001,0.381,-0.192,-2.624,-1.055,5.01,1.1913,0.959,1
2,2001,0.959,0.381,-0.192,-2.624,-1.055,1.2965,1.032,1
3,2001,1.032,0.959,0.381,-0.192,-2.624,1.4112,-0.623,0
4,2001,-0.623,1.032,0.959,0.381,-0.192,1.276,0.614,1
5,2001,0.614,-0.623,1.032,0.959,0.381,1.2057,0.213,1
6,2001,0.213,0.614,-0.623,1.032,0.959,1.3491,1.392,1
7,2001,1.392,0.213,0.614,-0.623,1.032,1.445,-0.403,0
8,2001,-0.403,1.392,0.213,0.614,-0.623,1.4078,0.027,1
9,2001,0.027,-0.403,1.392,0.213,0.614,1.164,1.303,1
10,2001,1.303,0.027,-0.403,1.392,0.213,1.2326,0.287,1
11,2001,0.287,1.303,0.027,-0.403,1.392,1.309,-0.498,0
12,2001,-0.498,0.287,1.303,0.027,-0.403,1.258,-0.189,0
13,2001,-0.189,-0.498,0.287,1.303,0.027,1.098,0.68,1
14,2001,0.68,-0.189,-0.498,0.287,1.303,1.0531,0.701,1
15,2001,0.701,0.68,-0.189,-0.498,0.287,1.1498,-0.562,0
16,2001,-0.562,0.701,0.68,-0.189,-0.498,1.2953,0.546,1
17,2001,0.546,-0.562,0.701,0.68,-0.189,1.1188,-1.747,0
18,2001,-1.747,0.546,-0.562,0.701,0.68,1.0484,0.359,1
19,2001,0.359,-1.747,0.546,-0.562,0.701,1.013,-0.151,0
20,2001,-0.151,0.359,-1.747,0.546,-0.562,1.0596,-0.841,0
21,2001,-0.841,-0.151,0.359,-1.747,0.546,1.1583,-0.623,0
22,2001,-0.623,-0.841,-0.151,0.359,-1.747,1.1072,-1.334,0
23,2001,-1.334,-0.623,-0.841,-0.151,0.359,1.0755,1.183,1
24,2001,1.183,-1.334,-0.623,-0.841,-0.151,1.0391,-0.865,0
25,2001,-0.865,1.183,-1.334,-0.623,-0.841,1.0752,-0.218,0
26,2001,-0.218,-0.865,1.183,-1.334,-0.623,1.1503,0.812,1
27,2001,0.812,-0.218,-0.865,1.183,-1.334,1.1537,-1.891,0
28,2001,-1.891,0.812,-0.218,-0.865,1.183,1.2572,-1.736,0
29,2001,-1.736,-1.891,0.812,-0.218,-0.865,1.1122,-1.851,0
30,2001,-1.851,-1.736,-1.891,0.812,-0.218,1.2085,-0.195,0
31,2001,-0.195,-1.851,-1.736,-1.891,0.812,1.3659,-0.556,0
32,2001,-0.556,-0.195,-1.851,-1.736,-1.891,1.2313,1.749,1
33,2001,1.749,-0.556,-0.195,-1.851,-1.736,1.1308,-0.766,0
34,2001,-0.766,1.749,-0.556,-0.195,-1.851,1.1141,-1.431,0
35,2001,-1.431,-0.766,1.749,-0.556,-0.195,1.2253,0.104,1
36,2001,0.104,-1.431,-0.766,1.749,-0.556,1.2949,-0.568,0
37,2001,-0.568,0.104,-1.431,-0.766,1.749,1.294,0.586,1
38,2001,0.586,-0.568,0.104,-1.431,-0.766,0.9292,0.998,1
39,2001,0.998,0.586,-0.568,0.104,-1.431,1.0918,0.645,1
40,2001,0.645,0.998,0.586,-0.568,0.104,1.1322,0.226,1
41,2001,0.226,0.645,0.998,0.586,-0.568,1.1141,-2.476,0
42,2001,-2.476,0.226,0.645,0.998,0.586,1.0859,-4.318,0
43,2001,-4.318,-2.476,0.226,0.645,0.998,1.229,1.483,1
44,2001,1.483,-4.318,-2.476,0.226,0.645,1.3609,-2.584,0
45,2001,-2.584,1.483,-4.318,-2.476,0.226,1.3974,0.587,1
46,2001,0.587,-2.584,1.483,-4.318,-2.476,1.2595,-1.962,0
47,2001,-1.962,0.587,-2.584,1.483,-4.318,1.54356,1.763,1
48,2001,1.763,-1.962,0.587,-2.584,1.483,1.1262,-2.408,0
49,2001,-2.408,1.763,-1.962,0.587,-2.584,1.2359,-1.792,0
50,2001,-1.792,-2.408,1.763,-1.962,0.587,1.3463,-0.406,0
51,2001,-0.406,-1.792,-2.408,1.763,-1.962,1.72395,1.991,1
52,2001,1.991,-0.406,-1.792,-2.408,1.763,1.3649,1.128,1
53,2001,1.128,1.991,-0.406,-1.792,-2.408,1.114,2.557,1
54,2001,2.557,1.128,1.991,-0.406,-1.792,1.3142,-2.443,0
55,2001,-2.443,2.557,1.128,1.991,-0.406,1.3334,-0.463,0
56,2001,-0.463,-2.443,2.557,1.128,1.991,1.2345,1.078,1
57,2001,1.078,-0.463,-2.443,2.557,1.128,1.2808,-1.246,0
58,2001,-1.246,1.078,-0.463,-2.443,2.557,1.2549,-3.439,0
59,2001,-3.439,-1.246,1.078,-0.463,-2.443,1.3861,-0.29,0
60,2001,-0.29,-3.439,-1.246,1.078,-0.463,1.42559,4.368,1
61,2001,4.368,-0.29,-3.439,-1.246,1.078,1.368,-1.998,0
62,2001,-1.998,4.368,-0.29,-3.439,-1.246,1.2668,0.812,1
63,2001,0.812,-1.998,4.368,-0.29,-3.439,1.0628,2.707,1
64,2001,2.707,0.812,-1.998,4.368,-0.29,1.3496,-0.213,0
65,2001,-0.213,2.707,0.812,-1.998,4.368,1.2903,1.51,1
66,2001,1.51,-0.213,2.707,0.812,-1.998,1.102,-0.323,0
67,2001,-0.323,1.51,-0.213,2.707,0.812,0.9139,1.028,1
68,2001,1.028,-0.323,1.51,-0.213,2.707,1.1096,3.889,1
69,2001,3.889,1.028,-0.323,1.51,-0.213,1.9189,1.254,1
70,2001,1.254,3.889,1.028,-0.323,1.51,1.4868,-0.854,0
71,2001,-0.854,1.254,3.889,1.028,-0.323,1.3387,-1.498,0
72,2001,-1.498,-0.854,1.254,3.889,1.028,1.0126,-1.216,0
73,2001,-1.216,-1.498,-0.854,1.254,3.889,1.2165,1.594,1
74,2001,1.594,-1.216,-1.498,-0.854,1.254,1.2036,0.47,1
75,2001,0.47,1.594,-1.216,-1.498,-0.854,1.3452,1.501,1
76,2001,1.501,0.47,1.594,-1.216,-1.498,1.0913,-0.287,0
77,2001,-0.287,1.501,0.47,1.594,-1.216,1.2668,1.359,1
78,2001,1.359,-0.287,1.501,0.47,1.594,1.1813,0.078,1
79,2001,0.078,1.359,-0.287,1.501,0.47,1.3422,-1.487,0
80,2001,-1.487,0.078,1.359,-0.287,1.501,1.1379,1.444,1
81,2001,1.444,-1.487,0.078,1.359,-0.287,1.0821,-0.245,0
82,2001,-0.245,1.444,-1.487,0.078,1.359,0.949,-0.183,0
83,2001,-0.183,-0.245,1.444,-1.487,0.078,1.0063,-0.449,0
84,2001,-0.449,-0.183,-0.245,1.444,-1.487,1.1324,-0.029,0
85,2001,-0.029,-0.449,-0.183,-0.245,1.444,1.0567,-0.758,0
86,2001,-0.758,-0.029,-0.449,-0.183,-0.245,0.9062,0.261,1
87,2001,0.261,-0.758,-0.029,-0.449,-0.183,0.8582,0.042,1
88,2001,0.042,0.261,-0.758,-0.029,-0.449,1.0718,2.845,1
89,2001,2.845,0.042,0.261,-0.758,-0.029,1.4053,0.272,1
90,2001,0.272,2.845,0.042,0.261,-0.758,1.3556,0.269,1
91,2001,0.269,0.272,2.845,0.042,0.261,1.1308,1.615,1
92,2001,1.615,0.269,0.272,2.845,0.042,1.1749,-0.263,0
93,2001,-0.263,1.615,0.269,0.272,2.845,1.2604,-1.553,0
94,2001,-1.553,-0.263,1.615,0.269,0.272,1.1348,0.32,1
95,2001,0.32,-1.553,-0.263,1.615,0.269,1.1007,-1.182,0
96,2001,-1.182,0.32,-1.553,-0.263,1.615,0.8281,-0.779,0
97,2001,-0.779,-1.182,0.32,-1.553,-0.263,1.026,-1.566,0
98,2001,-1.566,-0.779,-1.182,0.32,-1.553,1.1586,0.62,1
99,2001,0.62,-1.566,-0.779,-1.182,0.32,1.2266,0.386,1
100,2001,0.386,0.62,-1.566,-0.779,-1.182,1.015,0.511,1
101,2001,0.511,0.386,0.62,-1.566,-0.779,0.8365,1.299,1
102,2001,1.299,0.511,0.386,0.62,-1.566,1.1168,-1.055,0
103,2001,-1.055,1.299,0.511,0.386,0.62,1.0619,0.546,1
104,2001,0.546,-1.055,1.299,0.511,0.386,1.0896,-0.94,0
105,2001,-0.94,0.546,-1.055,1.299,0.511,0.7262,-0.836,0
106,2001,-0.836,-0.94,0.546,-1.055,1.299,0.8701,0.116,1
107,2001,0.116,-0.836,-0.94,0.546,-1.055,1.1365,-1.135,0
108,2001,-1.135,0.116,-0.836,-0.94,0.546,1.0636,-1.75,0
109,2001,-1.75,-1.135,0.116,-0.836,-0.94,1.2429,-0.452,0
110,2001,-0.452,-1.75,-1.135,0.116,-0.836,1.63555,-0.488,0
111,2001,-0.488,-0.452,-1.75,-1.135,0.116,1.1116,0.343,1
112,2001,0.343,-0.488,-0.452,-1.75,-1.135,1.1849,0.871,1
113,2001,0.871,0.343,-0.488,-0.452,-1.75,1.3501,1.136,1
114,2001,1.136,0.871,0.343,-0.488,-0.452,1.54682,-0.945,0
115,2001,-0.945,1.136,0.871,0.343,-0.488,1.1892,-0.551,0
116,2001,-0.551,-0.945,1.136,0.871,0.343,1.0501,-0.151,0
117,2001,-0.151,-0.551,-0.945,1.136,0.871,1.1989,-0.468,0
118,2001,-0.468,-0.151,-0.551,-0.945,1.136,1.1621,1.249,1
119,2001,1.249,-0.468,-0.151,-0.551,-0.945,1.3273,-0.148,0
120,2001,-0.148,1.249,-0.468,-0.151,-0.551,1.83236,1.008,1
121,2001,1.008,-0.148,1.249,-0.468,-0.151,1.1283,-0.184,0
122,2001,-0.184,1.008,-0.148,1.249,-0.468,0.62211,-1.232,0
123,2001,-1.232,-0.184,1.008,-0.148,1.249,0.9349,-2.35,0
124,2001,-2.35,-1.232,-0.184,1.008,-0.148,1.0567,0.688,1
125,2001,0.688,-2.35,-1.232,-0.184,1.008,1.0457,-1.44,0
126,2001,-1.44,0.688,-2.35,-1.232,-0.184,1.2638,-0.113,0
127,2001,-0.113,-1.44,0.688,-2.35,-1.232,1.3841,2.369,1
128,2001,2.369,-0.113,-1.44,0.688,-2.35,1.394,0.624,1
129,2001,0.624,2.369,-0.113,-1.44,0.688,1.1217,-1.088,0
130,2001,-1.088,0.624,2.369,-0.113,-1.44,1.0398,0.997,1
131,2001,0.997,-1.088,0.624,2.369,-0.113,1.2381,-0.554,0
132,2001,-0.554,0.997,-1.088,0.624,2.369,1.3163,0.605,1
133,2001,0.605,-0.554,0.997,-1.088,0.624,1.3435,-0.343,0
134,2001,-0.343,0.605,-0.554,0.997,-1.088,1.1709,-1.637,0
135,2001,-1.637,-0.343,0.605,-0.554,0.997,0.9869,-1.627,0
136,2001,-1.627,-1.637,-0.343,0.605,-0.554,1.1987,1.608,1
137,2001,1.608,-1.627,-1.637,-0.343,0.605,1.2807,1.045,1
138,2001,1.045,1.608,-1.627,-1.637,-0.343,1.2139,0.24,1
139,2001,0.24,1.045,1.608,-1.627,-1.637,1.0153,-0.108,0
140,2001,-0.108,0.24,1.045,1.608,-1.627,0.9091,0.557,1
141,2001,0.557,-0.108,0.24,1.045,1.608,1.1292,0.388,1
142,2001,0.388,0.557,-0.108,0.24,1.045,1.3403,0.396,1
143,2001,0.396,0.388,0.557,-0.108,0.24,1.2183,-0.524,0
144,2001,-0.524,0.396,0.388,0.557,-0.108,0.9399,-1.142,0
145,2001,-1.142,-0.524,0.396,0.388,0.557,0.8117,0.327,1
146,2001,0.327,-1.142,-0.524,0.396,0.388,1.012,-1.733,0
147,2001,-1.733,0.327,-1.142,-0.524,0.396,1.1246,-0.008,0
148,2001,-0.008,-1.733,0.327,-1.142,-0.524,1.1042,0.569,1
149,2001,0.569,-0.008,-1.733,0.327,-1.142,0.9609,0.095,1
150,2001,0.095,0.569,-0.008,-1.733,0.327,0.8376,-0.383,0
151,2001,-0.383,0.095,0.569,-0.008,-1.733,0.9646,-0.734,0
152,2001,-0.734,-0.383,0.095,0.569,-0.008,1.0656,0.309,1
153,2001,0.309,-0.734,-0.383,0.095,0.569,1.0554,-1.666,0
154,2001,-1.666,0.309,-0.734,-0.383,0.095,0.9743,0.812,1
155,2001,0.812,-1.666,0.309,-0.734,-0.383,0.8971,-1.208,0
156,2001,-1.208,0.812,-1.666,0.309,-0.734,1.0416,0.696,1
157,2001,0.696,-1.208,0.812,-1.666,0.309,1.1108,-0.276,0
158,2001,-0.276,0.696,-1.208,0.812,-1.666,0.9862,1.965,1
159,2001,1.965,-0.276,0.696,-1.208,0.812,1.0436,-0.483,0
160,2001,-0.483,1.965,-0.276,0.696,-1.208,0.8426,-1.501,0
161,2001,-1.501,-0.483,1.965,-0.276,0.696,0.9871,-1.115,0
162,2001,-1.115,-1.501,-0.483,1.965,-0.276,0.9637,-1.7,0
163,2001,-1.7,-1.115,-1.501,-0.483,1.965,1.157,0.403,1
164,2001,0.403,-1.7,-1.115,-1.501,-0.483,0.9201,-0.056,0
165,2001,-0.056,0.403,-1.7,-1.115,-1.501,1.1783,-0.106,0
166,2001,-0.106,-0.056,0.403,-1.7,-1.115,1.3845,-2.239,0
167,2001,-2.239,-0.106,-0.056,0.403,-1.7,1.3597,-1.864,0
168,2001,-1.864,-2.239,-0.106,-0.056,0.403,1.4243,0.623,1
169,2001,0.623,-1.864,-2.239,-0.106,-0.056,1.2766,-4.922,0
170,2001,-4.922,0.623,-1.864,-2.239,-0.106,2.33083,-0.58,0
171,2001,-0.58,-4.922,0.623,-1.864,-2.239,1.65041,-1.611,0
172,2001,-1.611,-0.58,-4.922,0.623,-1.864,2.12055,-3.106,0
173,2001,-3.106,-1.611,-0.58,-4.922,0.623,2.0048,-1.903,0
174,2001,-1.903,-3.106,-1.611,-0.58,-4.922,2.3173,3.898,1
175,2001,3.898,-1.903,-3.106,-1.611,-0.58,1.7466,0.879,1
176,2001,0.879,3.898,-1.903,-3.106,-1.611,1.6138,-0.517,0
177,2001,-0.517,0.879,3.898,-1.903,-3.106,1.5191,1.149,1
178,2001,1.149,-0.517,0.879,3.898,-1.903,1.467,2.192,1
179,2001,2.192,1.149,-0.517,0.879,3.898,1.6315,-0.23,0
180,2001,-0.23,2.192,1.149,-0.517,0.879,1.1756,1.231,1
181,2001,1.231,-0.23,2.192,1.149,-0.517,1.2898,1.993,1
182,2001,1.993,1.231,-0.23,2.192,1.149,1.6506,-0.247,0
183,2001,-0.247,1.993,1.231,-0.23,2.192,1.6091,0.164,1
184,2001,0.164,-0.247,1.993,1.231,-0.23,1.3017,-0.834,0
185,2001,-0.834,0.164,-0.247,1.993,1.231,0.979,-0.536,0
186,2001,-0.536,-0.834,0.164,-0.247,1.993,1.2278,2.294,1
187,2001,2.294,-0.536,-0.834,0.164,-0.247,1.3124,1.521,1
188,2001,1.521,2.294,-0.536,-0.834,0.164,1.70458,-0.527,0
189,2001,-0.527,1.521,2.294,-0.536,-0.834,1.3314,-0.153,0
190,2001,-0.153,-0.527,1.521,2.294,-0.536,1.0247,0.694,1
191,2001,0.694,-0.153,-0.527,1.521,2.294,1.2105,-1.863,0
192,2001,-1.863,0.694,-0.153,-0.527,1.521,1.4522,-0.787,0
193,2001,-0.787,-1.863,0.694,-0.153,-0.527,1.2629,0.456,1
194,2001,0.456,-0.787,-1.863,0.694,-0.153,1.2949,1.53,1
195,2001,1.53,0.456,-0.787,-1.863,0.694,1.1057,-0.47,0
196,2001,-0.47,1.53,0.456,-0.787,-1.863,1.3173,0.039,1
197,2001,0.039,-0.47,1.53,0.456,-0.787,1.3362,1.372,1
198,2001,1.372,0.039,-0.47,1.53,0.456,1.3644,0.411,1
199,2001,0.411,1.372,0.039,-0.47,1.53,1.2445,-2.382,0
200,2001,-2.382,0.411,1.372,0.039,-0.47,1.1061,-1.717,0
201,2001,-1.717,-2.382,0.411,1.372,0.039,1.2974,-0.001,0
202,2001,-0.001,-1.717,-2.382,0.411,1.372,1.3525,2.295,1
203,2001,2.295,-0.001,-1.717,-2.382,0.411,1.3174,0.286,1
204,2001,0.286,2.295,-0.001,-1.717,-2.382,1.1219,1.439,1
205,2001,1.439,0.286,2.295,-0.001,-1.717,1.2677,1.453,1
206,2001,1.453,1.439,0.286,2.295,-0.001,1.356,-0.273,0
207,2001,-0.273,1.453,1.439,0.286,2.295,1.4113,0.246,1
208,2001,0.246,-0.273,1.453,1.439,0.286,1.5175,0.158,1
209,2001,0.158,0.246,-0.273,1.453,1.439,1.0938,-0.177,0
210,2001,-0.177,0.158,0.246,-0.273,1.453,0.9916,1.856,1
211,2001,1.856,-0.177,0.158,0.246,-0.273,1.3701,0.186,1
212,2001,0.186,1.856,-0.177,0.158,0.246,1.4434,0.09,1
213,2001,0.09,0.186,1.856,-0.177,0.158,1.4545,-0.314,0
214,2001,-0.314,0.09,0.186,1.856,-0.177,1.3374,1.09,1
215,2001,1.09,-0.314,0.09,0.186,1.856,1.3168,-0.73,0
216,2001,-0.73,1.09,-0.314,0.09,0.186,1.3302,-0.493,0
217,2001,-0.493,-0.73,1.09,-0.314,0.09,1.0293,1.171,1
218,2001,1.171,-0.493,-0.73,1.09,-0.314,0.4103,0.615,1
219,2001,0.615,1.171,-0.493,-0.73,1.09,1.1298,-0.684,0
220,2001,-0.684,0.615,1.171,-0.493,-0.73,1.288,-1.825,0
221,2001,-1.825,-0.684,0.615,1.171,-0.493,1.4237,1.035,1
222,2001,1.035,-1.825,-0.684,0.615,1.171,1.3757,-0.066,0
223,2001,-0.066,1.035,-1.825,-0.684,0.615,1.3436,-0.838,0
224,2001,-0.838,-0.066,1.035,-1.825,-0.684,1.2029,1.319,1
225,2001,1.319,-0.838,-0.066,1.035,-1.825,1.3185,2.232,1
226,2001,2.232,1.319,-0.838,-0.066,1.035,1.7653,-0.278,0
227,2001,-0.278,2.232,1.319,-0.838,-0.066,1.4879,-0.753,0
228,2001,-0.753,-0.278,2.232,1.319,-0.838,1.2482,-1.587,0
229,2001,-1.587,-0.753,-0.278,2.232,1.319,1.2187,-0.278,0
230,2001,-0.278,-1.587,-0.753,-0.278,2.232,1.3672,0.027,1
231,2001,0.027,-0.278,-1.587,-0.753,-0.278,1.4497,-1.556,0
232,2001,-1.556,0.027,-0.278,-1.587,-0.753,1.5115,0.331,1
233,2001,0.331,-1.556,0.027,-0.278,-1.587,1.3068,1.003,1
234,2001,1.003,0.331,-1.556,0.027,-0.278,1.2604,0.755,1
235,2001,0.755,1.003,0.331,-1.556,0.027,1.354,0.581,1
236,2001,0.581,0.755,1.003,0.331,-1.556,1.4849,-0.838,0
237,2001,-0.838,0.581,0.755,1.003,0.331,1.4905,0.435,1
238,2001,0.435,-0.838,0.581,0.755,1.003,1.694,-0.021,0
239,2001,-0.021,0.435,-0.838,0.581,0.755,0.43967,0.412,1
240,2001,0.412,-0.021,0.435,-0.838,0.581,0.7911,0.675,1
241,2001,0.675,0.412,-0.021,0.435,-0.838,0.8763,0.336,1
242,2001,0.336,0.675,0.412,-0.021,0.435,0.9174,-1.115,0
243,2002,-1.115,0.336,0.675,0.412,-0.021,0.9436,0.574,1
244,2002,0.574,-1.115,0.336,0.675,0.412,1.171,0.918,1
245,2002,0.918,0.574,-1.115,0.336,0.675,1.3989,0.621,1
246,2002,0.621,0.918,0.574,-1.115,0.336,1.513,-0.65,0
247,2002,-0.65,0.621,0.918,0.574,-1.115,1.3083,-0.359,0
248,2002,-0.359,-0.65,0.621,0.918,0.574,1.2588,-0.48,0
249,2002,-0.48,-0.359,-0.65,0.621,0.918,1.452,0.122,1
250,2002,0.122,-0.48,-0.359,-0.65,0.621,1.299,-0.947,0
251,2002,-0.947,0.122,-0.48,-0.359,-0.65,1.2119,-0.628,0
252,2002,-0.628,-0.947,0.122,-0.48,-0.359,1.2864,0.683,1
253,2002,0.683,-0.628,-0.947,0.122,-0.48,1.3869,-1.625,0
254,2002,-1.625,0.683,-0.628,-0.947,0.122,1.4825,1.003,1
255,2002,1.003,-1.625,0.683,-0.628,-0.947,1.3801,-0.992,0
256,2002,-0.992,1.003,-1.625,0.683,-0.628,1.3333,-0.733,0
257,2002,-0.733,-0.992,1.003,-1.625,0.683,1.3116,0.792,1
258,2002,0.792,-0.733,-0.992,1.003,-1.625,1.4792,0.352,1
259,2002,0.352,0.792,-0.733,-0.992,1.003,1.5528,0.1,1
260,2002,0.1,0.352,0.792,-0.733,-0.992,1.3451,-0.019,0
261,2002,-0.019,0.1,0.352,0.792,-0.733,1.1868,-2.861,0
262,2002,-2.861,-0.019,0.1,0.352,0.792,1.812,1.175,1
263,2002,1.175,-2.861,-0.019,0.1,0.352,2.0196,1.493,1
264,2002,1.493,1.175,-2.861,-0.019,0.1,1.557,-0.708,0
265,2002,-0.708,1.493,1.175,-2.861,-0.019,1.3672,-2.474,0
266,2002,-2.474,-0.708,1.493,1.175,-2.861,1.4376,-0.404,0
267,2002,-0.404,-2.474,-0.708,1.493,1.175,1.7783,-0.597,0
268,2002,-0.597,-0.404,-2.474,-0.708,1.493,1.6658,-0.308,0
269,2002,-0.308,-0.597,-0.404,-2.474,-0.708,1.4416,1.486,1
270,2002,1.486,-0.308,-0.597,-0.404,-2.474,1.3719,1.434,1
271,2002,1.434,1.486,-0.308,-0.597,-0.404,1.1594,-0.399,0
272,2002,-0.399,1.434,1.486,-0.308,-0.597,1.0942,0.994,1
273,2002,0.994,-0.399,1.434,1.486,-0.308,1.2159,-0.181,0
274,2002,-0.181,0.994,-0.399,1.434,1.486,1.2725,-1.102,0
275,2002,-1.102,-0.181,0.994,-0.399,1.434,1.3592,-1.887,0
276,2002,-1.887,-1.102,-0.181,0.994,-0.399,1.1899,1.351,1
277,2002,1.351,-1.887,-1.102,-0.181,0.994,1.4389,-1.551,0
278,2002,-1.551,1.351,-1.887,-1.102,-0.181,1.3816,0.822,1
279,2002,0.822,-1.551,1.351,-1.887,-1.102,1.411,1.798,1
280,2002,1.798,0.822,-1.551,1.351,-1.887,1.3674,-0.005,0
281,2002,-0.005,1.798,0.822,-1.551,1.351,1.3092,0.046,1
282,2002,0.046,-0.005,1.798,0.822,-1.551,1.3938,-0.285,0
283,2002,-0.285,0.046,-0.005,1.798,0.822,1.3922,2.263,1
284,2002,2.263,-0.285,0.046,-0.005,1.798,1.4565,1.949,1
285,2002,1.949,2.263,-0.285,0.046,-0.005,1.5943,-0.667,0
286,2002,-0.667,1.949,2.263,-0.285,0.046,1.5493,1.451,1
287,2002,1.451,-0.667,1.949,2.263,-0.285,1.5413,-0.45,0
288,2002,-0.45,1.451,-0.667,1.949,2.263,1.5174,0.585,1
289,2002,0.585,-0.45,1.451,-0.667,1.949,1.412,0.339,1
290,2002,0.339,0.585,-0.45,1.451,-0.667,1.2102,-0.229,0
291,2002,-0.229,0.339,0.585,-0.45,1.451,1.3044,-0.986,0
292,2002,-0.986,-0.229,0.339,0.585,-0.45,1.354,-0.091,0
293,2002,-0.091,-0.986,-0.229,0.339,0.585,1.2088,1.138,1
294,2002,1.138,-0.091,-0.986,-0.229,0.339,1.4939,-0.052,0
295,2002,-0.052,1.138,-0.091,-0.986,-0.229,1.1695,0.407,1
296,2002,0.407,-0.052,1.138,-0.091,-0.986,1.255,-1.576,0
297,2002,-1.576,0.407,-0.052,1.138,-0.091,1.3049,0.151,1
298,2002,0.151,-1.576,0.407,-0.052,1.138,1.3392,-0.424,0
299,2002,-0.424,0.151,-1.576,0.407,-0.052,1.2433,-1.465,0
300,2002,-1.465,-0.424,0.151,-1.576,0.407,1.0579,0.585,1
301,2002,0.585,-1.465,-0.424,0.151,-1.576,1.2236,0.535,1
302,2002,0.535,0.585,-1.465,-0.424,0.151,1.1801,0.246,1
303,2002,0.246,0.535,0.585,-1.465,-0.424,1.1476,-0.074,0
304,2002,-0.074,0.246,0.535,0.585,-1.465,1.0509,-0.853,0
305,2002,-0.853,-0.074,0.246,0.535,0.585,1.1767,-0.999,0
306,2002,-0.999,-0.853,-0.074,0.246,0.535,1.2197,0.084,1
307,2002,0.084,-0.999,-0.853,-0.074,0.246,1.2838,-0.321,0
308,2002,-0.321,0.084,-0.999,-0.853,-0.074,1.1102,0.228,1
309,2002,0.228,-0.321,0.084,-0.999,-0.853,1.0953,-0.666,0
310,2002,-0.666,0.228,-0.321,0.084,-0.999,1.2354,1.133,1
311,2002,1.133,-0.666,0.228,-0.321,0.084,1.4479,-2.369,0
312,2002,-2.369,1.133,-0.666,0.228,-0.321,1.5056,0.663,1
313,2002,0.663,-2.369,1.133,-0.666,0.228,1.2821,-0.761,0
314,2002,-0.761,0.663,-2.369,1.133,-0.666,1.1204,2.342,1
315,2002,2.342,-0.761,0.663,-2.369,1.133,1.3413,-0.204,0
316,2002,-0.204,2.342,-0.761,0.663,-2.369,1.3769,-0.142,0
317,2002,-0.142,-0.204,2.342,-0.761,0.663,1.3593,0.062,1
318,2002,0.062,-0.142,-0.204,2.342,-0.761,1.185,-1.541,0
319,2002,-1.541,0.062,-0.142,-0.204,2.342,1.1818,-0.62,0
320,2002,-0.62,-1.541,0.062,-0.142,-0.204,1.3885,-0.71,0
321,2002,-0.71,-0.62,-1.541,0.062,-0.142,1.3732,-0.152,0
322,2002,-0.152,-0.71,-0.62,-1.541,0.062,1.5174,-1.389,0
323,2002,-1.389,-0.152,-0.71,-0.62,-1.541,1.3742,-1.01,0
324,2002,-1.01,-1.389,-0.152,-0.71,-0.62,1.3147,1.077,1
325,2002,1.077,-1.01,-1.389,-0.152,-0.71,1.6286,0.886,1
326,2002,0.886,1.077,-1.01,-1.389,-0.152,1.4514,-0.175,0
327,2002,-0.175,0.886,1.077,-1.01,-1.389,1.364,-1.026,0
328,2002,-1.026,-0.175,0.886,1.077,-1.01,1.2845,-1.934,0
329,2002,-1.934,-1.026,-0.175,0.886,1.077,1.1226,-0.302,0
330,2002,-0.302,-1.934,-1.026,-0.175,0.886,1.3547,3.75,1
331,2002,3.75,-0.302,-1.934,-1.026,-0.175,1.502,-1.455,0
332,2002,-1.455,3.75,-0.302,-1.934,-1.026,1.153,-1.679,0
333,2002,-1.679,-1.455,3.75,-0.302,-1.934,1.1719,1.855,1
334,2002,1.855,-1.679,-1.455,3.75,-0.302,1.0886,2.114,1
335,2002,2.114,1.855,-1.679,-1.455,3.75,1.4145,-0.566,0
336,2002,-0.566,2.114,1.855,-1.679,-1.455,1.4202,0.656,1
337,2002,0.656,-0.566,2.114,1.855,-1.679,1.2566,0.761,1
338,2002,0.761,0.656,-0.566,2.114,1.855,1.2744,-1.329,0
339,2002,-1.329,0.761,0.656,-0.566,2.114,0.9898,-1.099,0
340,2002,-1.099,-1.329,0.761,0.656,-0.566,1.2005,0.569,1
341,2002,0.569,-1.099,-1.329,0.761,0.656,1.1363,1.018,1
342,2002,1.018,0.569,-1.099,-1.329,0.761,1.1929,-1.209,0
343,2002,-1.209,1.018,0.569,-1.099,-1.329,0.8854,-0.855,0
344,2002,-0.855,-1.209,1.018,0.569,-1.099,0.9965,-0.641,0
345,2002,-0.641,-0.855,-1.209,1.018,0.569,1.0818,-0.281,0
346,2002,-0.281,-0.641,-0.855,-1.209,1.018,1.2866,0.233,1
347,2002,0.233,-0.281,-0.641,-0.855,-1.209,1.2773,-2.48,0
348,2002,-2.48,0.233,-0.281,-0.641,-0.855,1.3243,0.001,1
349,2002,0.001,-2.48,0.233,-0.281,-0.641,1.4666,0.885,1
350,2002,0.885,0.001,-2.48,0.233,-0.281,1.3001,-1.976,0
351,2002,-1.976,0.885,0.001,-2.48,0.233,1.6015,-0.157,0
352,2002,-0.157,-1.976,0.885,0.001,-2.48,1.3413,0.312,1
353,2002,0.312,-0.157,-1.976,0.885,0.001,1.2262,-1.663,0
354,2002,-1.663,0.312,-0.157,-1.976,0.885,1.2124,0.657,1
355,2002,0.657,-1.663,0.312,-0.157,-1.976,1.79572,-1.049,0
356,2002,-1.049,0.657,-1.663,0.312,-0.157,1.4055,-0.227,0
357,2002,-0.227,-1.049,0.657,-1.663,0.312,1.549,2.869,1
358,2002,2.869,-0.227,-1.049,0.657,-1.663,1.2366,0.094,1
359,2002,0.094,2.869,-0.227,-1.049,0.657,1.1931,-1.654,0
360,2002,-1.654,0.094,2.869,-0.227,-1.049,1.3361,-1.343,0
361,2002,-1.343,-1.654,0.094,2.869,-0.227,1.3897,-1.704,0
362,2002,-1.704,-1.343,-1.654,0.094,2.869,1.4972,0.362,1
363,2002,0.362,-1.704,-1.343,-1.654,0.094,1.5526,-1.67,0
364,2002,-1.67,0.362,-1.704,-1.343,-1.654,1.5137,-0.267,0
365,2002,-0.267,-1.67,0.362,-1.704,-1.343,2.01429,1.758,1
366,2002,1.758,-0.267,-1.67,0.362,-1.704,1.9086,-0.083,0
367,2002,-0.083,1.758,-0.267,-1.67,0.362,2.117,-2.139,0
368,2002,-2.139,-0.083,1.758,-0.267,-1.67,1.4255,-2.123,0
369,2002,-2.123,-2.139,-0.083,1.758,-0.267,1.823,0.622,1
370,2002,0.622,-2.123,-2.139,-0.083,1.758,1.5278,3.673,1
371,2002,3.673,0.622,-2.123,-2.139,-0.083,0.6994,-1.218,0
372,2002,-1.218,3.673,0.622,-2.123,-2.139,1.1844,-2.472,0
373,2002,-2.472,-1.218,3.673,0.622,-2.123,1.3489,-3.396,0
374,2002,-3.396,-2.472,-1.218,3.673,0.622,1.8169,0.75,1
375,2002,0.75,-3.396,-2.472,-1.218,3.673,2.08048,-0.645,0
376,2002,-0.645,0.75,-3.396,-2.472,-1.218,1.6074,-0.376,0
377,2002,-0.376,-0.645,0.75,-3.396,-2.472,2.5748,-1.851,0
378,2002,-1.851,-0.376,-0.645,0.75,-3.396,1.8437,0.566,1
379,2002,0.566,-1.851,-0.376,-0.645,0.75,2.5665,-2.702,0
380,2002,-2.702,0.566,-1.851,-0.376,-0.645,1.7363,-3.835,0
381,2002,-3.835,-2.702,0.566,-1.851,-0.376,2.6541,-3.291,0
382,2002,-3.291,-3.835,-2.702,0.566,-1.851,2.24806,-2.702,0
383,2002,-2.702,-3.291,-3.835,-2.702,0.566,2.44102,5.733,1
384,2002,5.733,-2.702,-3.291,-3.835,-2.702,2.77556,-0.563,0
385,2002,-0.563,5.733,-2.702,-3.291,-3.835,2.4247,1.688,1
386,2002,1.688,-0.563,5.733,-2.702,-3.291,1.7961,5.408,1
387,2002,5.408,1.688,-0.563,5.733,-2.702,1.77865,0.425,1
388,2002,0.425,5.408,1.688,-0.563,5.733,1.82609,0.979,1
389,2002,0.979,0.425,5.408,1.688,-0.563,2.04936,-2.957,0
390,2002,-2.957,0.979,0.425,5.408,1.688,1.6722,-2.308,0
391,2002,-2.308,-2.957,0.979,0.425,5.408,1.5381,-3.43,0
392,2002,-3.43,-2.308,-2.957,0.979,0.425,1.4255,2.992,1
393,2002,2.992,-3.43,-2.308,-2.957,0.979,1.5141,2.001,1
394,2002,2.001,2.992,-3.43,-2.308,-2.957,1.4904,3.272,1
395,2002,3.272,2.001,2.992,-3.43,-2.308,1.6467,0.351,1
396,2002,0.351,3.272,2.001,2.992,-3.43,1.2949,-0.533,0
397,2002,-0.533,0.351,3.272,2.001,2.992,1.0365,-2.168,0
398,2002,-2.168,-0.533,0.351,3.272,2.001,1.2977,4.005,1
399,2002,4.005,-2.168,-0.533,0.351,3.272,1.5338,1.156,1
400,2002,1.156,4.005,-2.168,-0.533,0.351,1.5051,-0.159,0
401,2002,-0.159,1.156,4.005,-2.168,-0.533,1.2653,2.361,1
402,2002,2.361,-0.159,1.156,4.005,-2.168,1.2998,-1.396,0
403,2002,-1.396,2.361,-0.159,1.156,4.005,1.3085,1.273,1
404,2002,1.273,-1.396,2.361,-0.159,1.156,1.3531,1.405,1
405,2002,1.405,1.273,-1.396,2.361,-0.159,1.373,-2.269,0
406,2002,-2.269,1.405,1.273,-1.396,2.361,1.0715,0.754,1
407,2002,0.754,-2.269,1.405,1.273,-1.396,1.0169,-1.385,0
408,2002,-1.385,0.754,-2.269,1.405,1.273,1.3077,-1.813,0
409,2002,-1.813,-1.385,0.754,-2.269,1.405,1.1466,-0.008,0
410,2002,-0.008,-1.813,-1.385,0.754,-2.269,1.2711,-0.188,0
411,2002,-0.188,-0.008,-1.813,-1.385,0.754,0.9299,-4.154,0
412,2002,-4.154,-0.188,-0.008,-1.813,-1.385,1.2898,1.752,1
413,2002,1.752,-4.154,-0.188,-0.008,-1.813,1.3721,-1.595,0
414,2002,-1.595,1.752,-4.154,-0.188,-0.008,1.4013,1.68,1
415,2002,1.68,-1.595,1.752,-4.154,-0.188,1.1845,1.011,1
416,2002,1.011,1.68,-1.595,1.752,-4.154,1.1306,0.733,1
417,2002,0.733,1.011,1.68,-1.595,1.752,1.1864,-0.014,0
418,2002,-0.014,0.733,1.011,1.68,-1.595,0.8466,-2.478,0
419,2002,-2.478,-0.014,0.733,1.011,1.68,1.1916,0.327,1
420,2002,0.327,-2.478,-0.014,0.733,1.011,1.271,0.145,1
421,2002,0.145,0.327,-2.478,-0.014,0.733,1.0014,-1.973,0
422,2002,-1.973,0.145,0.327,-2.478,-0.014,1.4486,-0.465,0
423,2002,-0.465,-1.973,0.145,0.327,-2.478,1.501,-3.006,0
424,2002,-3.006,-0.465,-1.973,0.145,0.327,1.524,0.245,1
425,2002,0.245,-3.006,-0.465,-1.973,0.145,1.7928,-1.383,0
426,2002,-1.383,0.245,-3.006,-0.465,-1.973,1.3811,-1.728,0
427,2002,-1.728,-1.383,0.245,-3.006,-0.465,1.67024,2.486,1
428,2002,2.486,-1.728,-1.383,0.245,-3.006,1.6515,1.821,1
429,2002,1.821,2.486,-1.728,-1.383,0.245,1.65,-3.226,0
430,2002,-3.226,1.821,2.486,-1.728,-1.383,1.5073,-1.461,0
431,2002,-1.461,-3.226,1.821,2.486,-1.728,1.72187,4.002,1
432,2002,4.002,-1.461,-3.226,1.821,2.486,1.7809,-2.359,0
433,2002,-2.359,4.002,-1.461,-3.226,1.821,1.6689,-1.082,0
434,2002,-1.082,-2.359,4.002,-1.461,-3.226,1.6745,-2.243,0
435,2002,-2.243,-1.082,-2.359,4.002,-1.461,1.83593,-1.911,0
436,2002,-1.911,-2.243,-1.082,-2.359,4.002,1.5765,1.69,1
437,2002,1.69,-1.911,-2.243,-1.082,-2.359,1.93843,-2.729,0
438,2002,-2.729,1.69,-1.911,-2.243,-1.082,1.88503,3.497,1
439,2002,3.497,-2.729,1.69,-1.911,-2.243,2.09023,3.906,1
440,2002,3.906,3.497,-2.729,1.69,-1.911,1.85413,0.733,1
441,2002,0.733,3.906,3.497,-2.729,1.69,1.2003,4.734,1
442,2002,4.734,0.733,3.906,3.497,-2.729,1.956,-2.411,0
443,2002,-2.411,4.734,0.733,3.906,3.497,1.585,2.23,1
444,2002,2.23,-2.411,4.734,0.733,3.906,1.78039,0.59,1
445,2002,0.59,2.23,-2.411,4.734,0.733,1.4231,1.733,1
446,2002,1.733,0.59,2.23,-2.411,4.734,1.447,-1.063,0
447,2002,-1.063,1.733,0.59,2.23,-2.411,1.5492,0.672,1
448,2002,0.672,-1.063,1.733,0.59,2.23,1.5939,-1.522,0
449,2002,-1.522,0.672,-1.063,1.733,0.59,1.70057,1.717,1
450,2002,1.717,-1.522,0.672,-1.063,1.733,1.3404,-0.827,0
451,2002,-0.827,1.717,-1.522,0.672,-1.063,1.3826,-0.908,0
452,2002,-0.908,-0.827,1.717,-1.522,0.672,1.5297,0.97,1
453,2002,0.97,-0.908,-0.827,1.717,-1.522,1.4223,-0.556,0
454,2002,-0.556,0.97,-0.908,-0.827,1.717,1.6413,1.716,1
455,2002,1.716,-0.556,0.97,-0.908,-0.827,1.4504,0.82,1
456,2002,0.82,1.716,-0.556,0.97,-0.908,1.6459,0.775,1
457,2002,0.775,0.82,1.716,-0.556,0.97,1.3541,0.914,1
458,2002,0.914,0.775,0.82,1.716,-0.556,1.674,-2.285,0
459,2002,-2.285,0.914,0.775,0.82,1.716,1.4669,-0.876,0
460,2002,-0.876,-2.285,0.914,0.775,0.82,1.4465,-2.073,0
461,2002,-2.073,-0.876,-2.285,0.914,0.775,1.113,0.772,1
462,2002,0.772,-2.073,-0.876,-2.285,0.914,1.3771,-0.048,0
463,2002,-0.048,0.772,-2.073,-0.876,-2.285,1.4634,2.463,1
464,2002,2.463,-0.048,0.772,-2.073,-0.876,1.519,0.615,1
465,2002,0.615,2.463,-0.048,0.772,-2.073,1.4001,-1.041,0
466,2002,-1.041,0.615,2.463,-0.048,0.772,1.2826,-0.402,0
467,2002,-0.402,-1.041,0.615,2.463,-0.048,1.3374,1.941,1
468,2002,1.941,-0.402,-1.041,0.615,2.463,1.5173,2.145,1
469,2002,2.145,1.941,-0.402,-1.041,0.615,2.4151,-0.344,0
470,2002,-0.344,2.145,1.941,-0.402,-1.041,1.6268,0.249,1
471,2002,0.249,-0.344,2.145,1.941,-0.402,1.574,-2.097,0
472,2002,-2.097,0.249,-0.344,2.145,1.941,1.5436,2.799,1
473,2002,2.799,-2.097,0.249,-0.344,2.145,1.3503,-0.273,0
474,2002,-0.273,2.799,-2.097,0.249,-0.344,0.64346,-0.19,0
475,2002,-0.19,-0.273,2.799,-2.097,0.249,1.612,-1.475,0
476,2002,-1.475,-0.19,-0.273,2.799,-2.097,1.4884,-0.344,0
477,2002,-0.344,-1.475,-0.19,-0.273,2.799,1.5889,-1.202,0
478,2002,-1.202,-0.344,-1.475,-0.19,-0.273,1.2502,0.627,1
479,2002,0.627,-1.202,-0.344,-1.475,-0.19,1.2411,-2.218,0
480,2002,-2.218,0.627,-1.202,-0.344,-1.475,1.3208,1.396,1
481,2002,1.396,-2.218,0.627,-1.202,-0.344,1.2866,0.056,1
482,2002,0.056,1.396,-2.218,0.627,-1.202,1.2851,-0.373,0
483,2002,-0.373,0.056,1.396,-2.218,0.627,1.2553,-1.342,0
484,2002,-1.342,-0.373,0.056,1.396,-2.218,1.3308,2.352,1
485,2002,2.352,-1.342,-0.373,0.056,1.396,1.2716,-0.814,0
486,2002,-0.814,2.352,-1.342,-0.373,0.056,1.2518,-1.315,0
487,2002,-1.315,-0.814,2.352,-1.342,-0.373,1.4462,-0.771,0
488,2002,-0.771,-1.315,-0.814,2.352,-1.342,1.3859,1.302,1
489,2002,1.302,-0.771,-1.315,-0.814,2.352,1.78273,0.181,1
490,2002,0.181,1.302,-0.771,-1.315,-0.814,1.1121,-0.547,0
491,2002,-0.547,0.181,1.302,-0.771,-1.315,0.45831,-0.315,0
492,2002,-0.315,-0.547,0.181,1.302,-0.771,0.7211,-1.603,0
493,2002,-1.603,-0.315,-0.547,0.181,1.302,0.7584,0.456,1
494,2002,0.456,-1.603,-0.315,-0.547,0.181,1.0578,0.049,1
495,2003,0.049,0.456,-1.603,-0.315,-0.547,1.0885,3.32,1
496,2003,3.32,0.049,0.456,-1.603,-0.315,1.2292,-0.048,0
497,2003,-0.048,3.32,0.049,0.456,-1.603,1.1308,2.247,1
498,2003,2.247,-0.048,3.32,0.049,0.456,1.4359,-0.654,0
499,2003,-0.654,2.247,-0.048,3.32,0.049,1.5452,-1.409,0
500,2003,-1.409,-0.654,2.247,-0.048,3.32,1.4676,1.939,1
501,2003,1.939,-1.409,-0.654,2.247,-0.048,1.5603,0,1
502,2003,0,1.939,-1.409,-0.654,2.247,1.4854,-0.141,0
503,2003,-0.141,0,1.939,-1.409,-0.654,1.3963,0.583,1
504,2003,0.583,-0.141,0,1.939,-1.409,1.3794,-1.443,0
505,2003,-1.443,0.583,-0.141,0,1.939,1.4321,-0.394,0
506,2003,-0.394,-1.443,0.583,-0.141,0,1.5346,-1.402,0
507,2003,-1.402,-0.394,-1.443,0.583,-0.141,1.3582,-1.57,0
508,2003,-1.57,-1.402,-0.394,-1.443,0.583,1.3352,-1.043,0
509,2003,-1.043,-1.57,-1.402,-0.394,-1.443,1.5608,1.022,1
510,2003,1.022,-1.043,-1.57,-1.402,-0.394,1.74455,-2.923,0
511,2003,-2.923,1.022,-1.043,-1.57,-1.402,1.5748,-1.616,0
512,2003,-1.616,-2.923,1.022,-1.043,-1.57,1.4359,1.305,1
513,2003,1.305,-1.616,-2.923,1.022,-1.043,1.4591,0.678,1
514,2003,0.678,1.305,-1.616,-2.923,1.022,1.5954,-2.285,0
515,2003,-2.285,0.678,1.305,-1.616,-2.923,1.5103,1.313,1
516,2003,1.313,-2.285,0.678,1.305,-1.616,1.57853,0.54,1
517,2003,0.54,1.313,-2.285,0.678,1.305,1.2585,-1.409,0
518,2003,-1.409,0.54,1.313,-2.285,0.678,1.4516,-0.544,0
519,2003,-0.544,-1.409,0.54,1.313,-2.285,1.4508,-0.645,0
520,2003,-0.645,-0.544,-1.409,0.54,1.313,1.4309,-1.009,0
521,2003,-1.009,-0.645,-0.544,-1.409,0.54,1.2768,0.757,1
522,2003,0.757,-1.009,-0.645,-0.544,-1.409,1.2382,-0.81,0
523,2003,-0.81,0.757,-1.009,-0.645,-0.544,1.307,-1.269,0
524,2003,-1.269,-0.81,0.757,-1.009,-0.645,1.2605,-0.16,0
525,2003,-0.16,-1.269,-0.81,0.757,-1.009,1.4893,2.143,1
526,2003,2.143,-0.16,-1.269,-0.81,0.757,1.4046,1.95,1
527,2003,1.95,2.143,-0.16,-1.269,-0.81,1.2508,-0.71,0
528,2003,-0.71,1.95,2.143,-0.16,-1.269,1.0756,-0.95,0
529,2003,-0.95,-0.71,1.95,2.143,-0.16,1.1941,1.322,1
530,2003,1.322,-0.95,-0.71,1.95,2.143,1.3982,-1.838,0
531,2003,-1.838,1.322,-0.95,-0.71,1.95,1.2292,0.719,1
532,2003,0.719,-1.838,1.322,-0.95,-0.71,1.4837,-1.314,0
533,2003,-1.314,0.719,-1.838,1.322,-0.95,1.3744,1.176,1
534,2003,1.176,-1.314,0.719,-1.838,1.322,1.2878,0.462,1
535,2003,0.462,1.176,-1.314,0.719,-1.838,1.3733,-0.754,0
536,2003,-0.754,0.462,1.176,-1.314,0.719,1.2089,-1.536,0
537,2003,-1.536,-0.754,0.462,1.176,-1.314,1.2566,0.956,1
538,2003,0.956,-1.536,-0.754,0.462,1.176,1.3327,-0.934,0
539,2003,-0.934,0.956,-1.536,-0.754,0.462,1.2992,0.826,1
540,2003,0.826,-0.934,0.956,-1.536,-0.754,1.3685,-2.583,0
541,2003,-2.583,0.826,-0.934,0.956,-1.536,1.255,-0.836,0
542,2003,-0.836,-2.583,0.826,-0.934,0.956,1.4277,0.432,1
543,2003,0.432,-0.836,-2.583,0.826,-0.934,1.62,3.446,1
544,2003,3.446,0.432,-0.836,-2.583,0.826,1.8163,0.165,1
545,2003,0.165,3.446,0.432,-0.836,-2.583,1.5419,3.543,1
546,2003,3.543,0.165,3.446,0.432,-0.836,1.70042,0.424,1
547,2003,0.424,3.543,0.165,3.446,0.432,1.5551,0.874,1
548,2003,0.874,0.424,3.543,0.165,3.446,1.4734,0.189,1
549,2003,0.189,0.874,0.424,3.543,0.165,1.4391,2.298,1
550,2003,2.298,0.189,0.874,0.424,3.543,1.88371,-3.523,0
551,2003,-3.523,2.298,0.189,0.874,0.424,1.293,1.216,1
552,2003,1.216,-3.523,2.298,0.189,0.874,1.3334,-0.548,0
553,2003,-0.548,1.216,-3.523,2.298,0.189,1.3197,-0.164,0
554,2003,-0.164,-0.548,1.216,-3.523,2.298,1.2329,-0.578,0
555,2003,-0.578,-0.164,-0.548,1.216,-3.523,1.227,-1.774,0
556,2003,-1.774,-0.578,-0.164,-0.548,1.216,1.4955,1.214,1
557,2003,1.214,-1.774,-0.578,-0.164,-0.548,1.4616,2.612,1
558,2003,2.612,1.214,-1.774,-0.578,-0.164,1.5898,-0.505,0
559,2003,-0.505,2.612,1.214,-1.774,-0.578,1.3395,0.274,1
560,2003,0.274,-0.505,2.612,1.214,-1.774,1.2412,0.123,1
561,2003,0.123,0.274,-0.505,2.612,1.214,1.494,-0.186,0
562,2003,-0.186,0.123,0.274,-0.505,2.612,1.2354,-1.4,0
563,2003,-1.4,-0.186,0.123,0.274,-0.505,1.2937,0.646,1
564,2003,0.646,-1.4,-0.186,0.123,0.274,1.2753,-0.376,0
565,2003,-0.376,0.646,-1.4,-0.186,0.123,1.1416,1.95,1
566,2003,1.95,-0.376,0.646,-1.4,-0.186,1.131,0.63,1
567,2003,0.63,1.95,-0.376,0.646,-1.4,1.4602,-1.224,0
568,2003,-1.224,0.63,1.95,-0.376,0.646,1.5876,1.554,1
569,2003,1.554,-1.224,0.63,1.95,-0.376,1.4306,-0.176,0
570,2003,-0.176,1.554,-1.224,0.63,1.95,1.1187,2.17,1
571,2003,2.17,-0.176,1.554,-1.224,0.63,1.6312,0.839,1
572,2003,0.839,2.17,-0.176,1.554,-1.224,1.6672,-0.826,0
573,2003,-0.826,0.839,2.17,-0.176,1.554,1.6481,-1.385,0
574,2003,-1.385,-0.826,0.839,2.17,-0.176,1.3358,1.783,1
575,2003,1.783,-1.385,-0.826,0.839,2.17,1.273,0.328,1
576,2003,0.328,1.783,-1.385,-0.826,0.839,1.5256,-0.1,0
577,2003,-0.1,0.328,1.783,-1.385,-0.826,1.78851,-0.068,0
578,2003,-0.068,-0.1,0.328,1.783,-1.385,1.3975,1.504,1
579,2003,1.504,-0.068,-0.1,0.328,1.783,1.5543,-0.38,0
580,2003,-0.38,1.504,-0.068,-0.1,0.328,1.4463,0.846,1
581,2003,0.846,-0.38,1.504,-0.068,-0.1,1.6496,-0.51,0
582,2003,-0.51,0.846,-0.38,1.504,-0.068,1.5319,-1.006,0
583,2003,-1.006,-0.51,0.846,-0.38,1.504,1.3796,1.428,1
584,2003,1.428,-1.006,-0.51,0.846,-0.38,1.3261,1.253,1
585,2003,1.253,1.428,-1.006,-0.51,0.846,1.3788,-0.297,0
586,2003,-0.297,1.253,1.428,-1.006,-0.51,1.4181,-0.32,0
587,2003,-0.32,-0.297,1.253,1.428,-1.006,1.4018,0.787,1
588,2003,0.787,-0.32,-0.297,1.253,1.428,1.5087,-0.25,0
589,2003,-0.25,0.787,-0.32,-0.297,1.253,1.5055,-2.492,0
590,2003,-2.492,-0.25,0.787,-0.32,-0.297,1.3757,-0.113,0
591,2003,-0.113,-2.492,-0.25,0.787,-0.32,1.5053,0.401,1
592,2003,0.401,-0.113,-2.492,-0.25,0.787,1.4578,0.915,1
593,2003,0.915,0.401,-0.113,-2.492,-0.25,1.4485,0.145,1
594,2003,0.145,0.915,0.401,-0.113,-2.492,1.201,1.957,1
595,2003,1.957,0.145,0.915,0.401,-0.113,1.532,0.183,1
596,2003,0.183,1.957,0.145,0.915,0.401,1.559,-0.376,0
597,2003,-0.376,0.183,1.957,0.145,0.915,1.6858,1.469,1
598,2003,1.469,-0.376,0.183,1.957,0.145,1.6888,0.354,1
599,2003,0.354,1.469,-0.376,0.183,1.957,1.6625,0.472,1
600,2003,0.472,0.354,1.469,-0.376,0.183,1.4502,1.511,1
601,2003,1.511,0.472,0.354,1.469,-0.376,1.6187,0.395,1
602,2003,0.395,1.511,0.472,0.354,1.469,1.6931,-0.24,0
603,2003,-0.24,0.395,1.511,0.472,0.354,1.8372,-1.198,0
604,2003,-1.198,-0.24,0.395,1.511,0.472,1.307,0.913,1
605,2003,0.913,-1.198,-0.24,0.395,1.511,1.2754,1.283,1
606,2003,1.283,0.913,-1.198,-0.24,0.395,1.52,0.103,1
607,2003,0.103,1.283,0.913,-1.198,-0.24,1.5531,-0.991,0
608,2003,-0.991,0.103,1.283,0.913,-1.198,1.2716,2.238,1
609,2003,2.238,-0.991,0.103,1.283,0.913,1.3459,0.091,1
610,2003,0.091,2.238,-0.991,0.103,1.283,1.4797,-0.155,0
611,2003,-0.155,0.091,2.238,-0.991,0.103,1.4889,-1.524,0
612,2003,-1.524,-0.155,0.091,2.238,-0.991,1.5301,0.1,1
613,2003,0.1,-1.524,-0.155,0.091,2.238,1.698,-1.411,0
614,2003,-1.411,0.1,-1.524,-0.155,0.091,1.3981,0.184,1
615,2003,0.184,-1.411,0.1,-1.524,-0.155,1.3883,-0.827,0
616,2003,-0.827,0.184,-1.411,0.1,-1.524,1.4592,1.077,1
617,2003,1.077,-0.827,0.184,-1.411,0.1,1.3874,-0.974,0
618,2003,-0.974,1.077,-0.827,0.184,-1.411,1.2678,-0.176,0
619,2003,-0.176,-0.974,1.077,-0.827,0.184,1.5872,0.802,1
620,2003,0.802,-0.176,-0.974,1.077,-0.827,1.4602,1.164,1
621,2003,1.164,0.802,-0.176,-0.974,1.077,1.5193,-0.81,0
622,2003,-0.81,1.164,0.802,-0.176,-0.974,0.7759,1.899,1
623,2003,1.899,-0.81,1.164,0.802,-0.176,1.4291,0.34,1
624,2003,0.34,1.899,-0.81,1.164,0.802,1.5657,-0.559,0
625,2003,-0.559,0.34,1.899,-0.81,1.164,1.618,-1.348,0
626,2003,-1.348,-0.559,0.34,1.899,-0.81,1.4657,0.955,1
627,2003,0.955,-1.348,-0.559,0.34,1.899,1.2127,0.573,1
628,2003,0.573,0.955,-1.348,-0.559,0.34,1.4489,-0.343,0
629,2003,-0.343,0.573,0.955,-1.348,-0.559,1.5186,-0.633,0
630,2003,-0.633,-0.343,0.573,0.955,-1.348,1.662,-1.243,0
631,2003,-1.243,-0.633,-0.343,0.573,0.955,1.6614,1.181,1
632,2003,1.181,-1.243,-0.633,-0.343,0.573,1.3652,-1.462,0
633,2003,-1.462,1.181,-1.243,-0.633,-0.343,1.2542,0.951,1
634,2003,0.951,-1.462,1.181,-1.243,-0.633,1.4397,0.051,1
635,2003,0.051,0.951,-1.462,1.181,-1.243,1.3627,-0.709,0
636,2003,-0.709,0.051,0.951,-1.462,1.181,1.559,1.74,1
637,2003,1.74,-0.709,0.051,0.951,-1.462,1.3975,-0.216,0
638,2003,-0.216,1.74,-0.709,0.051,0.951,1.3286,-0.727,0
639,2003,-0.727,-0.216,1.74,-0.709,0.051,1.5089,-0.181,0
640,2003,-0.181,-0.727,-0.216,1.74,-0.709,1.3919,0.286,1
641,2003,0.286,-0.181,-0.727,-0.216,1.74,1.608,-1.026,0
642,2003,-1.026,0.286,-0.181,-0.727,-0.216,1.3906,0.272,1
643,2003,0.272,-1.026,0.286,-0.181,-0.727,1.3187,-1.766,0
644,2003,-1.766,0.272,-1.026,0.286,-0.181,1.3517,0.168,1
645,2003,0.168,-1.766,0.272,-1.026,0.286,1.491,0.728,1
646,2003,0.728,0.168,-1.766,0.272,-1.026,1.3893,0.356,1
647,2003,0.356,0.728,0.168,-1.766,0.272,1.0866,0.307,1
648,2003,0.307,0.356,0.728,0.168,-1.766,1.0222,0.995,1
649,2003,0.995,0.307,0.356,0.728,0.168,1.1323,-0.638,0
650,2003,-0.638,0.995,0.307,0.356,0.728,1.2088,0.659,1
651,2003,0.659,-0.638,0.995,0.307,0.356,1.1868,0.016,1
652,2003,0.016,0.659,-0.638,0.995,0.307,0.63637,0.916,1
653,2003,0.916,0.016,0.659,-0.638,0.995,1.1276,0.261,1
654,2003,0.261,0.916,0.016,0.659,-0.638,1.3006,-0.205,0
655,2003,-0.205,0.261,0.916,0.016,0.659,1.2108,0.297,1
656,2003,0.297,-0.205,0.261,0.916,0.016,1.4071,-1.018,0
657,2003,-1.018,0.297,-0.205,0.261,0.916,1.3089,0.065,1
658,2003,0.065,-1.018,0.297,-0.205,0.261,0.9717,0.304,1
659,2003,0.304,0.065,-1.018,0.297,-0.205,1.1787,0.006,1
660,2003,0.006,0.304,0.065,-1.018,0.297,1.0514,0.607,1
661,2003,0.607,0.006,0.304,0.065,-1.018,1.1652,0.516,1
662,2003,0.516,0.607,0.006,0.304,0.065,0.9451,1.387,1
663,2003,1.387,0.516,0.607,0.006,0.304,1.4705,0.419,1
664,2003,0.419,1.387,0.516,0.607,0.006,1.6756,0.166,1
665,2003,0.166,0.419,1.387,0.516,0.607,1.4539,-0.64,0
666,2003,-0.64,0.166,0.419,1.387,0.516,1.4652,1.004,1
667,2003,1.004,-0.64,0.166,0.419,1.387,1.2993,-0.821,0
668,2003,-0.821,1.004,-0.64,0.166,0.419,1.4148,-1.197,0
669,2003,-1.197,-0.821,1.004,-0.64,0.166,1.5821,0.544,1
670,2003,0.544,-1.197,-0.821,1.004,-0.64,1.3359,0.217,1
671,2003,0.217,0.544,-1.197,-0.821,1.004,1.2367,-0.375,0
672,2003,-0.375,0.217,0.544,-1.197,-0.821,1.1513,1.43,1
673,2003,1.43,-0.375,0.217,0.544,-1.197,1.4032,-0.325,0
674,2003,-0.325,1.43,-0.375,0.217,0.544,1.33821,1.327,1
675,2003,1.327,-0.325,1.43,-0.375,0.217,1.4988,-0.316,0
676,2003,-0.316,1.327,-0.325,1.43,-0.375,1.5186,-1.301,0
677,2003,-1.301,-0.316,1.327,-0.325,1.43,1.2788,0.607,1
678,2003,0.607,-1.301,-0.316,1.327,-0.325,1.3017,-1.91,0
679,2003,-1.91,0.607,-1.301,-0.316,1.327,1.556,-0.605,0
680,2003,-0.605,-1.91,0.607,-1.301,-0.316,1.53,-0.64,0
681,2003,-0.64,-0.605,-1.91,0.607,-1.301,1.4725,0.976,1
682,2003,0.976,-0.64,-0.605,-1.91,0.607,1.3665,-1.054,0
683,2003,-1.054,0.976,-0.64,-0.605,-1.91,1.5905,2.234,1
684,2003,2.234,-1.054,0.976,-0.64,-0.605,1.5663,0.198,1
685,2003,0.198,2.234,-1.054,0.976,-0.64,1.2693,0.942,1
686,2003,0.942,0.198,2.234,-1.054,0.976,1.5705,0.437,1
687,2003,0.437,0.942,0.198,2.234,-1.054,1.0258,0.474,1
688,2003,0.474,0.437,0.942,0.198,2.234,1.2795,-0.526,0
689,2003,-0.526,0.474,0.437,0.942,0.198,1.2625,0.479,1
690,2003,0.479,-0.526,0.474,0.437,0.942,1.5787,-0.065,0
691,2003,-0.065,0.479,-0.526,0.474,0.437,1.1081,0.702,1
692,2003,0.702,-0.065,0.479,-0.526,0.474,1.0405,0.395,1
693,2003,0.395,0.702,-0.065,0.479,-0.526,1.2719,-0.259,0
694,2003,-0.259,0.395,0.702,-0.065,0.479,1.5211,0.316,1
695,2003,0.316,-0.259,0.395,0.702,-0.065,1.4177,-1.024,0
696,2003,-1.024,0.316,-0.259,0.395,0.702,1.352,0.516,1
697,2003,0.516,-1.024,0.316,-0.259,0.395,1.1726,0.129,1
698,2003,0.129,0.516,-1.024,0.316,-0.259,1.498,-1.498,0
699,2003,-1.498,0.129,0.516,-1.024,0.316,1.6472,0.331,1
700,2003,0.331,-1.498,0.129,0.516,-1.024,1.6043,-0.47,0
701,2003,-0.47,0.331,-1.498,0.129,0.516,1.4203,0.216,1
702,2003,0.216,-0.47,0.331,-1.498,0.129,1.3718,1.519,1
703,2003,1.519,0.216,-0.47,0.331,-1.498,1.6292,0.126,1
704,2003,0.126,1.519,0.216,-0.47,0.331,1.5626,-0.112,0
705,2003,-0.112,0.126,1.519,0.216,-0.47,1.6297,0.36,1
706,2003,0.36,-0.112,0.126,1.519,0.216,1.4989,0.791,1
707,2003,0.791,0.36,-0.112,0.126,1.519,1.3782,-0.545,0
708,2003,-0.545,0.791,0.36,-0.112,0.126,1.4176,-0.137,0
709,2003,-0.137,-0.545,0.791,0.36,-0.112,1.4018,0.593,1
710,2003,0.593,-0.137,-0.545,0.791,0.36,1.4539,-0.457,0
711,2003,-0.457,0.593,-0.137,-0.545,0.791,1.4405,-0.579,0
712,2003,-0.579,-0.457,0.593,-0.137,-0.545,1.2436,-0.052,0
713,2003,-0.052,-0.579,-0.457,0.593,-0.137,1.1625,1.143,1
714,2003,1.143,-0.052,-0.579,-0.457,0.593,1.3493,-0.011,0
715,2003,-0.011,1.143,-0.052,-0.579,-0.457,1.383,-0.762,0
716,2003,-0.762,-0.011,1.143,-0.052,-0.579,1.3561,-0.64,0
717,2003,-0.64,-0.762,-0.011,1.143,-0.052,1.3743,-0.908,0
718,2003,-0.908,-0.64,-0.762,-0.011,1.143,1.3543,0.802,1
719,2003,0.802,-0.908,-0.64,-0.762,-0.011,1.3262,-0.843,0
720,2003,-0.843,0.802,-0.908,-0.64,-0.762,1.3267,0.158,1
721,2003,0.158,-0.843,0.802,-0.908,-0.64,1.2738,1.623,1
722,2003,1.623,0.158,-0.843,0.802,-0.908,1.3028,0.172,1
723,2003,0.172,1.623,0.158,-0.843,0.802,1.3337,0.433,1
724,2003,0.433,0.172,1.623,0.158,-0.843,1.0977,-0.024,0
725,2003,-0.024,0.433,0.172,1.623,0.158,0.48722,1.126,1
726,2003,1.126,-0.024,0.433,0.172,1.623,1.375,-0.327,0
727,2003,-0.327,1.126,-0.024,0.433,0.172,1.3832,-0.177,0
728,2003,-0.177,-0.327,1.126,-0.024,0.433,1.4417,0.469,1
729,2003,0.469,-0.177,-0.327,1.126,-0.024,1.4631,-0.768,0
730,2003,-0.768,0.469,-0.177,-0.327,1.126,1.2659,0.735,1
731,2003,0.735,-0.768,0.469,-0.177,-0.327,1.2189,-0.853,0
732,2003,-0.853,0.735,-0.768,0.469,-0.177,1.4655,-0.107,0
733,2003,-0.107,-0.853,0.735,-0.768,0.469,1.444,1.148,1
734,2003,1.148,-0.107,-0.853,0.735,-0.768,1.4411,0.274,1
735,2003,0.274,1.148,-0.107,-0.853,0.735,1.2231,-0.568,0
736,2003,-0.568,0.274,1.148,-0.107,-0.853,1.5208,0.664,1
737,2003,0.664,-0.568,0.274,1.148,-0.107,1.5479,0.126,1
738,2003,0.126,0.664,-0.568,0.274,1.148,1.4417,1.18,1
739,2003,1.18,0.126,0.664,-0.568,0.274,1.5799,-0.048,0
740,2003,-0.048,1.18,0.126,0.664,-0.568,1.6573,0.393,1
741,2003,0.393,-0.048,1.18,0.126,0.664,1.2517,0.282,1
742,2003,0.282,0.393,-0.048,1.18,0.126,1.1453,-0.181,0
743,2003,-0.181,0.282,0.393,-0.048,1.18,0.51806,0.169,1
744,2003,0.169,-0.181,0.282,0.393,-0.048,0.35607,1.24,1
745,2003,1.24,0.169,-0.181,0.282,0.393,1.0588,0.014,1
746,2003,0.014,1.24,0.169,-0.181,0.282,1.0126,0.205,1
747,2004,0.205,0.014,1.24,0.169,-0.181,1.0275,-0.309,0
748,2004,-0.309,0.205,0.014,1.24,0.169,1.1532,1.24,1
749,2004,1.24,-0.309,0.205,0.014,1.24,1.5782,0.129,1
750,2004,0.129,1.24,-0.309,0.205,0.014,1.4945,0.237,1
751,2004,0.237,0.129,1.24,-0.309,0.205,1.7049,0.496,1
752,2004,0.496,0.237,0.129,1.24,-0.309,1.8684,-0.889,0
753,2004,-0.889,0.496,0.237,0.129,1.24,1.7207,0.479,1
754,2004,0.479,-0.889,0.496,0.237,0.129,1.5102,-0.533,0
755,2004,-0.533,0.479,-0.889,0.496,0.237,1.5959,0.829,1
756,2004,0.829,-0.533,0.479,-0.889,0.496,1.5146,0.135,1
757,2004,0.135,0.829,-0.533,0.479,-0.889,1.695,0.687,1
758,2004,0.687,0.135,0.829,-0.533,0.479,1.7211,-0.093,0
759,2004,-0.093,0.687,0.135,0.829,-0.533,1.6982,0.777,1
760,2004,0.777,-0.093,0.687,0.135,0.829,1.7576,-0.321,0
761,2004,-0.321,0.777,-0.093,0.687,0.135,1.6937,-0.209,0
762,2004,-0.209,-0.321,0.777,-0.093,0.687,1.5612,1.211,1
763,2004,1.211,-0.209,-0.321,0.777,-0.093,1.4806,-0.98,0
764,2004,-0.98,1.211,-0.209,-0.321,0.777,1.6731,-1.361,0
765,2004,-1.361,-0.98,1.211,-0.209,-0.321,1.842,0.499,1
766,2004,0.499,-1.361,-0.98,1.211,-0.209,1.9219,-0.263,0
767,2004,-0.263,0.499,-1.361,-0.98,1.211,1.635,0.365,1
768,2004,0.365,-0.263,0.499,-1.361,-0.98,1.5992,0.068,1
769,2004,0.068,0.365,-0.263,0.499,-1.361,1.4769,-0.837,0
770,2004,-0.837,0.068,0.365,-0.263,0.499,1.6348,0.184,1
771,2004,0.184,-0.837,0.068,0.365,-0.263,1.5666,1.256,1
772,2004,1.256,0.184,-0.837,0.068,0.365,1.4776,-0.258,0
773,2004,-0.258,1.256,0.184,-0.837,0.068,1.3035,0.503,1
774,2004,0.503,-0.258,1.256,0.184,-0.837,1.4039,1.067,1
775,2004,1.067,0.503,-0.258,1.256,0.184,1.6993,-0.488,0
776,2004,-0.488,1.067,0.503,-0.258,1.256,1.4643,-0.547,0
777,2004,-0.547,-0.488,1.067,0.503,-0.258,1.3292,0.976,1
778,2004,0.976,-0.547,-0.488,1.067,0.503,1.3965,-0.447,0
779,2004,-0.447,0.976,-0.547,-0.488,1.067,1.3824,-0.413,0
780,2004,-0.413,-0.447,0.976,-0.547,-0.488,1.5628,-0.257,0
781,2004,-0.257,-0.413,-0.447,0.976,-0.547,1.4796,-0.273,0
782,2004,-0.273,-0.257,-0.413,-0.447,0.976,1.3804,-0.167,0
783,2004,-0.167,-0.273,-0.257,-0.413,-0.447,1.5436,0.402,1
784,2004,0.402,-0.167,-0.273,-0.257,-0.413,1.3607,0.108,1
785,2004,0.108,0.402,-0.167,-0.273,-0.257,1.3839,0.003,1
786,2004,0.003,0.108,0.402,-0.167,-0.273,1.5404,0.963,1
787,2004,0.963,0.003,0.108,0.402,-0.167,1.4971,-0.594,0
788,2004,-0.594,0.963,0.003,0.108,0.402,1.476,0.168,1
789,2004,0.168,-0.594,0.963,0.003,0.108,1.3345,0.334,1
790,2004,0.334,0.168,-0.594,0.963,0.003,1.2658,0.172,1
791,2004,0.172,0.334,0.168,-0.594,0.963,1.3982,-0.835,0
792,2004,-0.835,0.172,0.334,0.168,-0.594,1.2544,-0.577,0
793,2004,-0.577,-0.835,0.172,0.334,0.168,1.4994,-1.463,0
794,2004,-1.463,-0.577,-0.835,0.172,0.334,1.6484,-1.522,0
795,2004,-1.522,-1.463,-0.577,-0.835,0.172,1.8899,1.246,1
796,2004,1.246,-1.522,-1.463,-0.577,-0.835,1.3885,-1.435,0
797,2004,-1.435,1.246,-1.522,-1.463,-0.577,1.6006,0.562,1
798,2004,0.562,-1.435,1.246,-1.522,-1.463,1.5007,1.175,1
799,2004,1.175,0.562,-1.435,1.246,-1.522,1.4901,-0.127,0
800,2004,-0.127,1.175,0.562,-1.435,1.246,1.3692,-1.117,0
801,2004,-1.117,-0.127,1.175,0.562,-1.435,1.4574,-1.296,0
802,2004,-1.296,-1.117,-0.127,1.175,0.562,1.4523,-0.132,0
803,2004,-0.132,-1.296,-1.117,-0.127,1.175,1.4582,-0.239,0
804,2004,-0.239,-0.132,-1.296,-1.117,-0.127,1.5278,1.637,1
805,2004,1.637,-0.239,-0.132,-1.296,-1.117,1.4717,-0.102,0
806,2004,-0.102,1.637,-0.239,-0.132,-1.296,1.3191,1.3,1
807,2004,1.3,-0.102,1.637,-0.239,-0.132,1.4055,0.404,1
808,2004,0.404,1.3,-0.102,1.637,-0.239,1.3324,-0.07,0
809,2004,-0.07,0.404,1.3,-0.102,1.637,1.5607,0.529,1
810,2004,0.529,-0.07,0.404,1.3,-0.102,1.5607,0.851,1
811,2004,0.851,0.529,-0.07,0.404,1.3,1.6292,0.767,1
812,2004,0.767,0.851,0.529,-0.07,0.404,1.4137,-0.209,0
813,2004,-0.209,0.767,0.851,0.529,-0.07,1.3977,-0.665,0
814,2004,-0.665,-0.209,0.767,0.851,0.529,1.4588,-0.106,0
815,2004,-0.106,-0.665,-0.209,0.767,0.851,1.1998,0.516,1
816,2004,0.516,-0.106,-0.665,-0.209,0.767,1.1024,-1.376,0
817,2004,-1.376,0.516,-0.106,-0.665,-0.209,1.4232,-0.112,0
818,2004,-0.112,-1.376,0.516,-0.106,-0.665,1.5477,0.059,1
819,2004,0.059,-0.112,-1.376,0.516,-0.106,1.5687,0.511,1
820,2004,0.511,0.059,-0.112,-1.376,0.516,1.4878,0.107,1
821,2004,0.107,0.511,0.059,-0.112,-1.376,1.1949,-1.556,0
822,2004,-1.556,0.107,0.511,0.059,-0.112,1.5085,0.531,1
823,2004,0.531,-1.556,0.107,0.511,0.059,1.7381,1.409,1
824,2004,1.409,0.531,-1.556,0.107,0.511,1.8267,0.059,1
825,2004,0.059,1.409,0.531,-1.556,0.107,1.3961,-0.445,0
826,2004,-0.445,0.059,1.409,0.531,-1.556,1.2906,0.227,1
827,2004,0.227,-0.445,0.059,1.409,0.531,1.518,-1.379,0
828,2004,-1.379,0.227,-0.445,0.059,1.409,1.8556,-0.759,0
829,2004,-0.759,-1.379,0.227,-0.445,0.059,1.859,-0.592,0
830,2004,-0.592,-0.759,-1.379,0.227,-0.445,1.6347,0.92,1
831,2004,0.92,-0.592,-0.759,-1.379,0.227,1.5716,0.184,1
832,2004,0.184,0.92,-0.592,-0.759,-1.379,1.6621,0.177,1
833,2004,0.177,0.184,0.92,-0.592,-0.759,1.469,-0.672,0
834,2004,-0.672,0.177,0.184,0.92,-0.592,1.5093,-1.373,0
835,2004,-1.373,-0.672,0.177,0.184,0.92,1.6536,-1.054,0
836,2004,-1.054,-1.373,-0.672,0.177,0.184,1.9184,0.766,1
837,2004,0.766,-1.054,-1.373,-0.672,0.177,1.5338,0.167,1
838,2004,0.167,0.766,-1.054,-1.373,-0.672,1.6976,-0.077,0
839,2004,-0.077,0.167,0.766,-1.054,-1.373,1.4111,-0.067,0
840,2004,-0.067,-0.077,0.167,0.766,-1.054,1.3359,-1.059,0
841,2004,-1.059,-0.067,-0.077,0.167,0.766,1.4301,0.682,1
842,2004,0.682,-1.059,-0.067,-0.077,0.167,1.353,-0.257,0
843,2004,-0.257,0.682,-1.059,-0.067,-0.077,1.5486,0.047,1
844,2004,0.047,-0.257,0.682,-1.059,-0.067,1.211,0.401,1
845,2004,0.401,0.047,-0.257,0.682,-1.059,1.2586,0.169,1
846,2004,0.169,0.401,0.047,-0.257,0.682,1.2275,1.61,1
847,2004,1.61,0.169,0.401,0.047,-0.257,1.5457,0.17,1
848,2004,0.17,1.61,0.169,0.401,0.047,1.3694,0.569,1
849,2004,0.569,0.17,1.61,0.169,0.401,1.4475,-0.054,0
850,2004,-0.054,0.569,0.17,1.61,0.169,1.1726,0.046,1
851,2004,0.046,-0.054,0.569,0.17,1.61,1.238,0.338,1
852,2004,0.338,0.046,-0.054,0.569,0.17,1.2517,-0.742,0
853,2004,-0.742,0.338,0.046,-0.054,0.569,1.2324,0.525,1
854,2004,0.525,-0.742,0.338,0.046,-0.054,1.1153,1.596,1
855,2004,1.596,0.525,-0.742,0.338,0.046,1.2118,0.154,1
856,2004,0.154,1.596,0.525,-0.742,0.338,1.1903,-0.95,0
857,2004,-0.95,0.154,1.596,0.525,-0.742,1.2768,0.454,1
858,2004,0.454,-0.95,0.154,1.596,0.525,1.1606,-0.984,0
859,2004,-0.984,0.454,-0.95,0.154,1.596,1.1794,0.597,1
860,2004,0.597,-0.984,0.454,-0.95,0.154,1.3459,0.137,1
861,2004,0.137,0.597,-0.984,0.454,-0.95,1.1684,-0.133,0
862,2004,-0.133,0.137,0.597,-0.984,0.454,1.2967,0.262,1
863,2004,0.262,-0.133,0.137,0.597,-0.984,1.5006,-0.416,0
864,2004,-0.416,0.262,-0.133,0.137,0.597,1.1239,0.364,1
865,2004,0.364,-0.416,0.262,-0.133,0.137,1.3823,0.851,1
866,2004,0.851,0.364,-0.416,0.262,-0.133,1.4442,-0.298,0
867,2004,-0.298,0.851,0.364,-0.416,0.262,1.3949,-0.545,0
868,2004,-0.545,-0.298,0.851,0.364,-0.416,1.8129,-0.095,0
869,2004,-0.095,-0.545,-0.298,0.851,0.364,1.3546,0.251,1
870,2004,0.251,-0.095,-0.545,-0.298,0.851,1.375,0.408,1
871,2004,0.408,0.251,-0.095,-0.545,-0.298,1.4738,-1.043,0
872,2004,-1.043,0.408,0.251,-0.095,-0.545,1.4957,-0.315,0
873,2004,-0.315,-1.043,0.408,0.251,-0.095,1.085,-0.815,0
874,2004,-0.815,-0.315,-1.043,0.408,0.251,1.2833,0.19,1
875,2004,0.19,-0.815,-0.315,-1.043,0.408,1.3286,-0.824,0
876,2004,-0.824,0.19,-0.815,-0.315,-1.043,1.4011,0.334,1
877,2004,0.334,-0.824,0.19,-0.815,-0.315,1.1863,0.138,1
878,2004,0.138,0.334,-0.824,0.19,-0.815,1.1146,0.071,1
879,2004,0.071,0.138,0.334,-0.824,0.19,1.1997,-0.329,0
880,2004,-0.329,0.071,0.138,0.334,-0.824,1.462,-0.43,0
881,2004,-0.43,-0.329,0.071,0.138,0.334,1.4087,-0.479,0
882,2004,-0.479,-0.43,-0.329,0.071,0.138,1.4503,-0.044,0
883,2004,-0.044,-0.479,-0.43,-0.329,0.071,1.3199,0.706,1
884,2004,0.706,-0.044,-0.479,-0.43,-0.329,1.4458,-1.334,0
885,2004,-1.334,0.706,-0.044,-0.479,-0.43,1.6795,0.271,1
886,2004,0.271,-1.334,0.706,-0.044,-0.479,1.6808,-0.97,0
887,2004,-0.97,0.271,-1.334,0.706,-0.044,1.3375,-0.196,0
888,2004,-0.196,-0.97,0.271,-1.334,0.706,1.4134,0.993,1
889,2004,0.993,-0.196,-0.97,0.271,-1.334,1.6108,0.054,1
890,2004,0.054,0.993,-0.196,-0.97,0.271,1.5543,0.457,1
891,2004,0.457,0.054,0.993,-0.196,-0.97,1.5301,0.117,1
892,2004,0.117,0.457,0.054,0.993,-0.196,1.2982,0.445,1
893,2004,0.445,0.117,0.457,0.054,0.993,1.276,-0.626,0
894,2004,-0.626,0.445,0.117,0.457,0.054,1.3383,-0.096,0
895,2004,-0.096,-0.626,0.445,0.117,0.457,1.3692,-1.632,0
896,2004,-1.632,-0.096,-0.626,0.445,0.117,1.3974,-1.548,0
897,2004,-1.548,-1.632,-0.096,-0.626,0.445,1.521,0.117,1
898,2004,0.117,-1.548,-1.632,-0.096,-0.626,1.086,1.297,1
899,2004,1.297,0.117,-1.548,-1.632,-0.096,1.2456,-0.301,0
900,2004,-0.301,1.297,0.117,-1.548,-1.632,1.4104,-1.168,0
901,2004,-1.168,-0.301,1.297,0.117,-1.548,1.4051,0.148,1
902,2004,0.148,-1.168,-0.301,1.297,0.117,1.1751,1.366,1
903,2004,1.366,0.148,-1.168,-0.301,1.297,1.2062,0.22,1
904,2004,0.22,1.366,0.148,-1.168,-0.301,1.2678,1.244,1
905,2004,1.244,0.22,1.366,0.148,-1.168,1.2825,-0.36,0
906,2004,-0.36,1.244,0.22,1.366,0.148,1.2494,0.652,1
907,2004,0.652,-0.36,1.244,0.22,1.366,1.1999,-0.243,0
908,2004,-0.243,0.652,-0.36,1.244,0.22,1.0219,0.047,1
909,2004,0.047,-0.243,0.652,-0.36,1.244,1.0925,0.8,1
910,2004,0.8,0.047,-0.243,0.652,-0.36,1.1922,0.012,1
911,2004,0.012,0.8,0.047,-0.243,0.652,1.0236,0.243,1
912,2004,0.243,0.012,0.8,0.047,-0.243,0.8454,-0.778,0
913,2004,-0.778,0.243,0.012,0.8,0.047,0.8431,0.463,1
914,2004,0.463,-0.778,0.243,0.012,0.8,1.1382,0.151,1
915,2004,0.151,0.463,-0.778,0.243,0.012,1.1421,1.121,1
916,2004,1.121,0.151,0.463,-0.778,0.243,1.1184,-0.418,0
917,2004,-0.418,1.121,0.151,0.463,-0.778,0.92417,0.689,1
918,2004,0.689,-0.418,1.121,0.151,0.463,1.2144,-0.449,0
919,2004,-0.449,0.689,-0.418,1.121,0.151,1.2463,0.189,1
920,2004,0.189,-0.449,0.689,-0.418,1.121,1.3713,0.495,1
921,2004,0.495,0.189,-0.449,0.689,-0.418,1.2612,0.169,1
922,2004,0.169,0.495,0.189,-0.449,0.689,1.2998,0.223,1
923,2004,0.223,0.169,0.495,0.189,-0.449,1.2045,-0.705,0
924,2004,-0.705,0.223,0.169,0.495,0.189,1.256,0.279,1
925,2004,0.279,-0.705,0.223,0.169,0.495,1.1139,0.449,1
926,2004,0.449,0.279,-0.705,0.223,0.169,1.4226,-0.563,0
927,2004,-0.563,0.449,0.279,-0.705,0.223,1.1976,0.633,1
928,2004,0.633,-0.563,0.449,0.279,-0.705,1.325,-1.394,0
929,2004,-1.394,0.633,-0.563,0.449,0.279,1.3799,-0.467,0
930,2004,-0.467,-1.394,0.633,-0.563,0.449,1.2863,0.158,1
931,2004,0.158,-0.467,-1.394,0.633,-0.563,1.2554,-0.594,0
932,2004,-0.594,0.158,-0.467,-1.394,0.633,1.2635,0.593,1
933,2004,0.593,-0.594,0.158,-0.467,-1.394,1.3966,0.427,1
934,2004,0.427,0.593,-0.594,0.158,-0.467,1.4029,-0.02,0
935,2004,-0.02,0.427,0.593,-0.594,0.158,1.748,1.518,1
936,2004,1.518,-0.02,0.427,0.593,-0.594,1.5822,0.324,1
937,2004,0.324,1.518,-0.02,0.427,0.593,1.534,-0.061,0
938,2004,-0.061,0.324,1.518,-0.02,0.427,1.4184,0.667,1
939,2004,0.667,-0.061,0.324,1.518,-0.02,1.4167,-0.998,0
940,2004,-0.998,0.667,-0.061,0.324,1.518,1.4475,-0.753,0
941,2004,-0.753,-0.998,0.667,-0.061,0.324,1.2916,0.201,1
942,2004,0.201,-0.753,-0.998,0.667,-0.061,0.9438,-0.227,0
943,2004,-0.227,0.201,-0.753,-0.998,0.667,1.3201,-0.73,0
944,2004,-0.73,-0.227,0.201,-0.753,-0.998,1.5462,-0.93,0
945,2004,-0.93,-0.73,-0.227,0.201,-0.753,1.4895,0.445,1
946,2004,0.445,-0.93,-0.73,-0.227,0.201,1.6451,0.525,1
947,2004,0.525,0.445,-0.93,-0.73,-0.227,1.3733,-0.969,0
948,2004,-0.969,0.525,0.445,-0.93,-0.73,1.7375,0.039,1
949,2004,0.039,-0.969,0.525,0.445,-0.93,1.6857,0.256,1
950,2004,0.256,0.039,-0.969,0.525,0.445,1.673,-0.972,0
951,2004,-0.972,0.256,0.039,-0.969,0.525,1.4696,-0.086,0
952,2004,-0.086,-0.972,0.256,0.039,-0.969,1.3805,1.488,1
953,2004,1.488,-0.086,-0.972,0.256,0.039,1.6854,1.288,1
954,2004,1.288,1.488,-0.086,-0.972,0.256,1.7419,0.181,1
955,2004,0.181,1.288,1.488,-0.086,-0.972,1.6282,0.245,1
956,2004,0.245,0.181,1.288,1.488,-0.086,1.5008,0.027,1
957,2004,0.027,0.245,0.181,1.288,1.488,1.3959,0.004,1
958,2004,0.004,0.027,0.245,0.181,1.288,1.659,1.118,1
959,2004,1.118,0.004,0.027,0.245,0.181,1.7675,1.616,1
960,2004,1.616,1.118,0.004,0.027,0.245,1.7827,0.387,1
961,2004,0.387,1.616,1.118,0.004,0.027,1.7244,-0.11,0
962,2004,-0.11,0.387,1.616,1.118,0.004,1.3587,-0.07,0
963,2004,-0.07,-0.11,0.387,1.616,1.118,1.4508,-0.101,0
964,2004,-0.101,-0.07,-0.11,0.387,1.616,1.5043,0.909,1
965,2004,0.909,-0.101,-0.07,-0.11,0.387,1.393,0.911,1
966,2004,0.911,0.909,-0.101,-0.07,-0.11,1.5316,-0.03,0
967,2004,-0.03,0.911,0.909,-0.101,-0.07,1.4533,-0.708,0
968,2004,-0.708,-0.03,0.911,0.909,-0.101,1.3644,0.554,1
969,2004,0.554,-0.708,-0.03,0.911,0.909,1.6842,0.136,1
970,2004,0.136,0.554,-0.708,-0.03,0.911,1.4567,-1.116,0
971,2004,-1.116,0.136,0.554,-0.708,-0.03,1.5266,0.59,1
972,2004,0.59,-1.116,0.136,0.554,-0.708,1.3927,-0.025,0
973,2004,-0.025,0.59,-1.116,0.136,0.554,1.4283,0.41,1
974,2004,0.41,-0.025,0.59,-1.116,0.136,1.1496,0.075,1
975,2004,0.075,0.41,-0.025,0.59,-1.116,0.50458,-0.345,0
976,2004,-0.345,0.075,0.41,-0.025,0.59,1.3785,-0.403,0
977,2004,-0.403,-0.345,0.075,0.41,-0.025,1.5535,1.495,1
978,2004,1.495,-0.403,-0.345,0.075,0.41,1.7728,-0.087,0
979,2004,-0.087,1.495,-0.403,-0.345,0.075,1.7749,0.071,1
980,2004,0.071,-0.087,1.495,-0.403,-0.345,1.5667,-0.077,0
981,2004,-0.077,0.071,-0.087,1.495,-0.403,1.3544,-1.107,0
982,2004,-1.107,-0.077,0.071,-0.087,1.495,1.5339,0.488,1
983,2004,0.488,-1.107,-0.077,0.071,-0.087,1.5252,0.544,1
984,2004,0.544,0.488,-1.107,-0.077,0.071,1.6247,-0.104,0
985,2004,-0.104,0.544,0.488,-1.107,-0.077,1.4437,0.899,1
986,2004,0.899,-0.104,0.544,0.488,-1.107,1.4361,0.392,1
987,2004,0.392,0.899,-0.104,0.544,0.488,1.5444,0.194,1
988,2004,0.194,0.392,0.899,-0.104,0.544,1.6958,-0.208,0
989,2004,-0.208,0.194,0.392,0.899,-0.104,1.7939,-0.749,0
990,2004,-0.749,-0.208,0.194,0.392,0.899,2.335,0.038,1
991,2004,0.038,-0.749,-0.208,0.194,0.392,1.4228,0.904,1
992,2004,0.904,0.038,-0.749,-0.208,0.194,1.4837,0.342,1
993,2004,0.342,0.904,0.038,-0.749,-0.208,1.3908,0.046,1
994,2004,0.046,0.342,0.904,0.038,-0.749,0.9561,-0.431,0
995,2004,-0.431,0.046,0.342,0.904,0.038,0.922,0.715,1
996,2004,0.715,-0.431,0.046,0.342,0.904,0.983,-0.007,0
997,2004,-0.007,0.715,-0.431,0.046,0.342,0.9259,0.008,1
998,2004,0.008,-0.007,0.715,-0.431,0.046,0.8298,-0.134,0
999,2005,-0.134,0.008,-0.007,0.715,-0.431,0.7869,-0.812,0
1000,2005,-0.812,-0.134,0.008,-0.007,0.715,1.5108,-1.167,0
1001,2005,-1.167,-0.812,-0.134,0.008,-0.007,1.721,-0.363,0
1002,2005,-0.363,-1.167,-0.812,-0.134,0.008,1.7389,0.351,1
1003,2005,0.351,-0.363,-1.167,-0.812,-0.134,1.5691,-0.143,0
1004,2005,-0.143,0.351,-0.363,-1.167,-0.812,1.4779,0.342,1
1005,2005,0.342,-0.143,0.351,-0.363,-1.167,1.4904,-0.61,0
1006,2005,-0.61,0.342,-0.143,0.351,-0.363,1.4888,0.398,1
1007,2005,0.398,-0.61,0.342,-0.143,0.351,1.5621,-0.863,0
1008,2005,-0.863,0.398,-0.61,0.342,-0.143,1.5103,0.6,1
1009,2005,0.6,-0.863,0.398,-0.61,0.342,1.3354,0.967,1
1010,2005,0.967,0.6,-0.863,0.398,-0.61,1.5968,-0.949,0
1011,2005,-0.949,0.967,0.6,-0.863,0.398,1.4987,-0.778,0
1012,2005,-0.778,-0.949,0.967,0.6,-0.863,1.692,-0.641,0
1013,2005,-0.641,-0.778,-0.949,0.967,0.6,1.6435,-0.353,0
1014,2005,-0.353,-0.641,-0.778,-0.949,0.967,1.4946,0.4,1
1015,2005,0.4,-0.353,-0.641,-0.778,-0.949,1.6104,0.484,1
1016,2005,0.484,0.4,-0.353,-0.641,-0.778,1.6359,0.041,1
1017,2005,0.041,0.484,0.4,-0.353,-0.641,1.6006,-0.272,0
1018,2005,-0.272,0.041,0.484,0.4,-0.353,1.6418,0.846,1
1019,2005,0.846,-0.272,0.041,0.484,0.4,1.6798,0.689,1
1020,2005,0.689,0.846,-0.272,0.041,0.484,1.68198,0.318,1
1021,2005,0.318,0.689,0.846,-0.272,0.041,1.56174,-0.277,0
1022,2005,-0.277,0.318,0.689,0.846,-0.272,1.55446,1.104,1
1023,2005,1.104,-0.277,0.318,0.689,0.846,1.64816,-0.109,0
1024,2005,-0.109,1.104,-0.277,0.318,0.689,1.34727,0.048,1
1025,2005,0.048,-0.109,1.104,-0.277,0.318,1.41617,-0.858,0
1026,2005,-0.858,0.048,-0.109,1.104,-0.277,1.51104,0.421,1
1027,2005,0.421,-0.858,0.048,-0.109,1.104,1.49167,0.693,1
1028,2005,0.693,0.421,-0.858,0.048,-0.109,1.5623,0.07,1
1029,2005,0.07,0.693,0.421,-0.858,0.048,1.29018,0.33,1
1030,2005,0.33,0.07,0.693,0.421,-0.858,1.52708,0.018,1
1031,2005,0.018,0.33,0.07,0.693,0.421,1.4901,-0.792,0
1032,2005,-0.792,0.018,0.33,0.07,0.693,1.58012,0.07,1
1033,2005,0.07,-0.792,0.018,0.33,0.07,1.5512,-1.451,0
1034,2005,-1.451,0.07,-0.792,0.018,0.33,1.74494,0.561,1
1035,2005,0.561,-1.451,0.07,-0.792,0.018,1.50109,0.789,1
1036,2005,0.789,0.561,-1.451,0.07,-0.792,1.51875,0.931,1
1037,2005,0.931,0.789,0.561,-1.451,0.07,1.52368,-0.641,0
1038,2005,-0.641,0.931,0.789,0.561,-1.451,1.79548,0.566,1
1039,2005,0.566,-0.641,0.931,0.789,0.561,1.70806,-0.027,0
1040,2005,-0.027,0.566,-0.641,0.931,0.789,1.56854,0.032,1
1041,2005,0.032,-0.027,0.566,-0.641,0.931,1.61624,0.962,1
1042,2005,0.962,0.032,-0.027,0.566,-0.641,1.63682,0.261,1
1043,2005,0.261,0.962,0.032,-0.027,0.566,1.48883,-0.48,0
1044,2005,-0.48,0.261,0.962,0.032,-0.027,1.52309,-1.019,0
1045,2005,-1.019,-0.48,0.261,0.962,0.032,1.70497,0.186,1
1046,2005,0.186,-1.019,-0.48,0.261,0.962,1.60402,-0.758,0
1047,2005,-0.758,0.186,-1.019,-0.48,0.261,1.44982,0.562,1
1048,2005,0.562,-0.758,0.186,-1.019,-0.48,1.43743,-0.752,0
1049,2005,-0.752,0.562,-0.758,0.186,-1.019,1.51353,-0.808,0
1050,2005,-0.808,-0.752,0.562,-0.758,0.186,1.65319,0.18,1
1051,2005,0.18,-0.808,-0.752,0.562,-0.758,1.58193,-0.047,0
1052,2005,-0.047,0.18,-0.808,-0.752,0.562,2.34437,-0.493,0
1053,2005,-0.493,-0.047,0.18,-0.808,-0.752,1.81944,-1.02,0
1054,2005,-1.02,-0.493,-0.047,0.18,-0.808,2.11447,0.07,1
1055,2005,0.07,-1.02,-0.493,-0.047,0.18,2.24687,-0.095,0
1056,2005,-0.095,0.07,-1.02,-0.493,-0.047,1.72172,0.244,1
1057,2005,0.244,-0.095,0.07,-1.02,-0.493,1.74622,-0.76,0
1058,2005,-0.76,0.244,-0.095,0.07,-1.02,2.22325,1.377,1
1059,2005,1.377,-0.76,0.244,-0.095,0.07,2.09711,-0.069,0
1060,2005,-0.069,1.377,-0.76,0.244,-0.095,2.21423,-0.65,0
1061,2005,-0.65,-0.069,1.377,-0.76,0.244,2.16869,0.273,1
1062,2005,0.273,-0.65,-0.069,1.377,-0.76,2.07977,0.448,1
1063,2005,0.448,0.273,-0.65,-0.069,1.377,1.8708,0.227,1
1064,2005,0.227,0.448,0.273,-0.65,-0.069,1.7974,0.597,1
1065,2005,0.597,0.227,0.448,0.273,-0.65,1.90062,-0.834,0
1066,2005,-0.834,0.597,0.227,0.448,0.273,1.66133,0.001,1
1067,2005,0.001,-0.834,0.597,0.227,0.448,1.52531,0.555,1
1068,2005,0.555,0.001,-0.834,0.597,0.227,1.97983,-1.176,0
1069,2005,-1.176,0.555,0.001,-0.834,0.597,2.04974,-1,0
1070,2005,-1,-1.176,0.555,0.001,-0.834,2.35504,-1.672,0
1071,2005,-1.672,-1,-1.176,0.555,0.001,2.68996,0.294,1
1072,2005,0.294,-1.672,-1,-1.176,0.555,2.18067,0.593,1
1073,2005,0.593,0.294,-1.672,-1,-1.176,2.1427,-1.325,0
1074,2005,-1.325,0.593,0.294,-1.672,-1,2.21705,1.974,1
1075,2005,1.974,-1.325,0.593,0.294,-1.672,2.30856,-0.675,0
1076,2005,-0.675,1.974,-1.325,0.593,0.294,2.04588,0.866,1
1077,2005,0.866,-0.675,1.974,-1.325,0.593,1.79503,-0.884,0
1078,2005,-0.884,0.866,-0.675,1.974,-1.325,1.95974,0.395,1
1079,2005,0.395,-0.884,0.866,-0.675,1.974,2.15152,-1.138,0
1080,2005,-1.138,0.395,-0.884,0.866,-0.675,2.18227,1.192,1
1081,2005,1.192,-1.138,0.395,-0.884,0.866,2.36236,0.459,1
1082,2005,0.459,1.192,-1.138,0.395,-0.884,1.98004,-0.085,0
1083,2005,-0.085,0.459,1.192,-1.138,0.395,2.16702,1.247,1
1084,2005,1.247,-0.085,0.459,1.192,-1.138,2.30648,-0.257,0
1085,2005,-0.257,1.247,-0.085,0.459,1.192,1.9971,-0.109,0
1086,2005,-0.109,-0.257,1.247,-0.085,0.459,1.7072,0.639,1
1087,2005,0.639,-0.109,-0.257,1.247,-0.085,1.85702,-1.071,0
1088,2005,-1.071,0.639,-0.109,-0.257,1.247,1.88966,0.419,1
1089,2005,0.419,-1.071,0.639,-0.109,-0.257,1.83497,-1.003,0
1090,2005,-1.003,0.419,-1.071,0.639,-0.109,1.99529,-0.458,0
1091,2005,-0.458,-1.003,0.419,-1.071,0.639,2.18859,1.009,1
1092,2005,1.009,-0.458,-1.003,0.419,-1.071,1.85686,0.696,1
1093,2005,0.696,1.009,-0.458,-1.003,0.419,1.88726,1.002,1
1094,2005,1.002,0.696,1.009,-0.458,-1.003,2.26632,0.466,1
1095,2005,0.466,1.002,0.696,1.009,-0.458,1.77586,-0.151,0
1096,2005,-0.151,0.466,1.002,0.696,1.009,1.63175,0.385,1
1097,2005,0.385,-0.151,0.466,1.002,0.696,1.68117,0.018,1
1098,2005,0.018,0.385,-0.151,0.466,1.002,1.681,-0.34,0
1099,2005,-0.34,0.018,0.385,-0.151,0.466,1.74218,0.639,1
1100,2005,0.639,-0.34,0.018,0.385,-0.151,1.65411,0.097,1
1101,2005,0.097,0.639,-0.34,0.018,0.385,1.38143,-0.607,0
1102,2005,-0.607,0.097,0.639,-0.34,0.018,1.84068,0.9,1
1103,2005,0.9,-0.607,0.097,0.639,-0.34,1.8101,0.172,1
1104,2005,0.172,0.9,-0.607,0.097,0.639,1.81379,-0.687,0
1105,2005,-0.687,0.172,0.9,-0.607,0.097,1.62752,0.125,1
1106,2005,0.125,-0.687,0.172,0.9,-0.607,1.54712,-0.021,0
1107,2005,-0.021,0.125,-0.687,0.172,0.9,1.85137,-0.216,0
1108,2005,-0.216,-0.021,0.125,-0.687,0.172,1.71549,0.524,1
1109,2005,0.524,-0.216,-0.021,0.125,-0.687,1.82412,-0.235,0
1110,2005,-0.235,0.524,-0.216,-0.021,0.125,1.66418,0.226,1
1111,2005,0.226,-0.235,0.524,-0.216,-0.021,1.66135,0.257,1
1112,2005,0.257,0.226,-0.235,0.524,-0.216,1.69815,0.222,1
1113,2005,0.222,0.257,0.226,-0.235,0.524,1.84044,0.363,1
1114,2005,0.363,0.222,0.257,0.226,-0.235,1.77604,0.495,1
1115,2005,0.495,0.363,0.222,0.257,0.226,2.40737,-0.071,0
1116,2005,-0.071,0.495,0.363,0.222,0.257,1.71453,-0.205,0
1117,2005,-0.205,-0.071,0.495,0.363,0.222,1.7207,0.022,1
1118,2005,0.022,-0.205,-0.071,0.495,0.363,1.82325,-1.083,0
1119,2005,-1.083,0.022,-0.205,-0.071,0.495,2.02992,-0.763,0
1120,2005,-0.763,-1.083,0.022,-0.205,-0.071,2.4188,-0.074,0
1121,2005,-0.074,-0.763,-1.083,0.022,-0.205,1.73862,0.914,1
1122,2005,0.914,-0.074,-0.763,-1.083,0.022,1.77241,-0.143,0
1123,2005,-0.143,0.914,-0.074,-0.763,-1.083,1.76928,-0.71,0
1124,2005,-0.71,-0.143,0.914,-0.074,-0.763,2.10949,0.261,1
1125,2005,0.261,-0.71,-0.143,0.914,-0.074,1.59382,0.883,1
1126,2005,0.883,0.261,-0.71,-0.143,0.914,1.80582,-0.834,0
1127,2005,-0.834,0.883,0.261,-0.71,-0.143,1.88347,0.245,1
1128,2005,0.245,-0.834,0.883,0.261,-0.71,1.95244,1.168,1
1129,2005,1.168,0.245,-0.834,0.883,0.261,1.90081,0.625,1
1130,2005,0.625,1.168,0.245,-0.834,0.883,1.8463,0.227,1
1131,2005,0.227,0.625,1.168,0.245,-0.834,1.93201,0.088,1
1132,2005,0.088,0.227,0.625,1.168,0.245,1.8125,0.262,1
1133,2005,0.262,0.088,0.227,0.625,1.168,2.04871,0.116,1
1134,2005,0.116,0.262,0.088,0.227,0.625,1.7164,-0.553,0
1135,2005,-0.553,0.116,0.262,0.088,0.227,1.5821,0.673,1
1136,2005,0.673,-0.553,0.116,0.262,0.088,2.04128,0.476,1
1137,2005,0.476,0.673,-0.553,0.116,0.262,2.06334,-0.661,0
1138,2005,-0.661,0.476,0.673,-0.553,0.116,2.12984,0.541,1
1139,2005,0.541,-0.661,0.476,0.673,-0.553,1.76699,-0.377,0
1140,2005,-0.377,0.541,-0.661,0.476,0.673,1.71758,0.173,1
1141,2005,0.173,-0.377,0.541,-0.661,0.476,1.93418,0.457,1
1142,2005,0.457,0.173,-0.377,0.541,-0.661,1.9458,0.56,1
1143,2005,0.56,0.457,0.173,-0.377,0.541,2.00168,-0.767,0
1144,2005,-0.767,0.56,0.457,0.173,-0.377,1.7896,0.095,1
1145,2005,0.095,-0.767,0.56,0.457,0.173,1.71687,0.71,1
1146,2005,0.71,0.095,-0.767,0.56,0.457,2.04312,0.074,1
1147,2005,0.074,0.71,0.095,-0.767,0.56,1.99998,-0.737,0
1148,2005,-0.737,0.074,0.71,0.095,-0.767,1.98122,-0.764,0
1149,2005,-0.764,-0.737,0.074,0.71,0.095,1.93028,-0.268,0
1150,2005,-0.268,-0.764,-0.737,0.074,0.71,1.80414,0.674,1
1151,2005,0.674,-0.268,-0.764,-0.737,0.074,1.89752,-0.183,0
1152,2005,-0.183,0.674,-0.268,-0.764,-0.737,2.17232,0.706,1
1153,2005,0.706,-0.183,0.674,-0.268,-0.764,1.94156,-0.599,0
1154,2005,-0.599,0.706,-0.183,0.674,-0.268,1.7093,0.283,1
1155,2005,0.283,-0.599,0.706,-0.183,0.674,1.56288,-1.178,0
1156,2005,-1.178,0.283,-0.599,0.706,-0.183,1.82041,0.074,1
1157,2005,0.074,-1.178,0.283,-0.599,0.706,1.85915,-0.1,0
1158,2005,-0.1,0.074,-1.178,0.283,-0.599,1.80817,0.057,1
1159,2005,0.057,-0.1,0.074,-1.178,0.283,1.55879,0.166,1
1160,2005,0.166,0.057,-0.1,0.074,-1.178,1.62133,-0.339,0
1161,2005,-0.339,0.166,0.057,-0.1,0.074,1.67862,-0.657,0
1162,2005,-0.657,-0.339,0.166,0.057,-0.1,1.9308,0.23,1
1163,2005,0.23,-0.657,-0.339,0.166,0.057,1.57111,-0.6,0
1164,2005,-0.6,0.23,-0.657,-0.339,0.166,1.54109,0.596,1
1165,2005,0.596,-0.6,0.23,-0.657,-0.339,1.59945,-0.319,0
1166,2005,-0.319,0.596,-0.6,0.23,-0.657,1.91647,0.986,1
1167,2005,0.986,-0.319,0.596,-0.6,0.23,2.36551,0.103,1
1168,2005,0.103,0.986,-0.319,0.596,-0.6,2.22986,-0.292,0
1169,2005,-0.292,0.103,0.986,-0.319,0.596,1.64016,1.262,1
1170,2005,1.262,-0.292,0.103,0.986,-0.319,1.93209,0.241,1
1171,2005,0.241,1.262,-0.292,0.103,0.986,2.0677,-0.379,0
1172,2005,-0.379,0.241,1.262,-0.292,0.103,1.95538,0.796,1
1173,2005,0.796,-0.379,0.241,1.262,-0.292,1.99256,-0.074,0
1174,2005,-0.074,0.796,-0.379,0.241,1.262,1.93805,-0.754,0
1175,2005,-0.754,-0.074,0.796,-0.379,0.241,2.08236,-0.328,0
1176,2005,-0.328,-0.754,-0.074,0.796,-0.379,1.98675,0.046,1
1177,2005,0.046,-0.328,-0.754,-0.074,0.796,2.07934,0.829,1
1178,2005,0.829,0.046,-0.328,-0.754,-0.074,3.15247,-0.557,0
1179,2005,-0.557,0.829,0.046,-0.328,-0.754,2.07654,-0.786,0
1180,2005,-0.786,-0.557,0.829,0.046,-0.328,2.31925,-0.912,0
1181,2005,-0.912,-0.786,-0.557,0.829,0.046,2.54815,0.365,1
1182,2005,0.365,-0.912,-0.786,-0.557,0.829,2.42472,0.055,1
1183,2005,0.055,0.365,-0.912,-0.786,-0.557,1.97302,0.028,1
1184,2005,0.028,0.055,0.365,-0.912,-0.786,2.02222,0.002,1
1185,2005,0.002,0.028,0.055,0.365,-0.912,1.97627,0.101,1
1186,2005,0.101,0.002,0.028,0.055,0.365,2.10698,0.887,1
1187,2005,0.887,0.101,0.002,0.028,0.055,2.17612,0.092,1
1188,2005,0.092,0.887,0.101,0.002,0.028,2.09752,-0.172,0
1189,2005,-0.172,0.092,0.887,0.101,0.002,2.09749,-0.997,0
1190,2005,-0.997,-0.172,0.092,0.887,0.101,2.34142,-1.489,0
1191,2005,-1.489,-0.997,-0.172,0.092,0.887,2.54678,-0.41,0
1192,2005,-0.41,-1.489,-0.997,-0.172,0.092,2.79203,0.37,1
1193,2005,0.37,-0.41,-1.489,-0.997,-0.172,2.12608,-0.717,0
1194,2005,-0.717,0.37,-0.41,-1.489,-0.997,2.19599,-0.207,0
1195,2005,-0.207,-0.717,0.37,-0.41,-1.489,2.29904,-0.607,0
1196,2005,-0.607,-0.207,-0.717,0.37,-0.41,2.49128,-0.071,0
1197,2005,-0.071,-0.607,-0.207,-0.717,0.37,2.35115,0.827,1
1198,2005,0.827,-0.071,-0.607,-0.207,-0.717,2.18894,0.297,1
1199,2005,0.297,0.827,-0.071,-0.607,-0.207,2.05457,-1.005,0
1200,2005,-1.005,0.297,0.827,-0.071,-0.607,2.19701,1.496,1
1201,2005,1.496,-1.005,0.297,0.827,-0.071,2.70359,-1.502,0
1202,2005,-1.502,1.496,-1.005,0.297,0.827,2.61725,0.152,1
1203,2005,0.152,-1.502,1.496,-1.005,0.297,2.47092,1.678,1
1204,2005,1.678,0.152,-1.502,1.496,-1.005,2.19779,-0.237,0
1205,2005,-0.237,1.678,0.152,-1.502,1.496,2.31247,-0.431,0
1206,2005,-0.431,-0.237,1.678,0.152,-1.502,2.46775,-1.048,0
1207,2005,-1.048,-0.431,-0.237,1.678,0.152,2.39537,1.655,1
1208,2005,1.655,-1.048,-0.431,-0.237,1.678,2.3794,0.718,1
1209,2005,0.718,1.655,-1.048,-0.431,-0.237,2.56747,-0.352,0
1210,2005,-0.352,0.718,1.655,-1.048,-0.431,2.45785,0.998,1
1211,2005,0.998,-0.352,0.718,1.655,-1.048,2.64809,0.426,1
1212,2005,0.426,0.998,-0.352,0.718,1.655,2.71663,0.016,1
1213,2005,0.016,0.426,0.998,-0.352,0.718,2.05051,0.219,1
1214,2005,0.219,0.016,0.426,0.998,-0.352,1.98758,-0.345,0
1215,2005,-0.345,0.219,0.016,0.426,0.998,1.96505,0.169,1
1216,2005,0.169,-0.345,0.219,0.016,0.426,2.21446,0.845,1
1217,2005,0.845,0.169,-0.345,0.219,0.016,2.37846,0.305,1
1218,2005,0.305,0.845,0.169,-0.345,0.219,1.77314,-0.078,0
1219,2005,-0.078,0.305,0.845,0.169,-0.345,1.89978,-0.385,0
1220,2005,-0.385,-0.078,0.305,0.845,0.169,2.35937,0.179,1
1221,2005,0.179,-0.385,-0.078,0.305,0.845,2.12158,0.941,1
1222,2005,0.941,0.179,-0.385,-0.078,0.305,2.29804,0.44,1
1223,2005,0.44,0.941,0.179,-0.385,-0.078,2.45329,0.527,1
1224,2005,0.527,0.44,0.941,0.179,-0.385,2.11735,0.508,1
1225,2005,0.508,0.527,0.44,0.941,0.179,2.29142,0.347,1
1226,2005,0.347,0.508,0.527,0.44,0.941,1.9854,0.209,1
1227,2005,0.209,0.347,0.508,0.527,0.44,0.72494,-0.851,0
1228,2005,-0.851,0.209,0.347,0.508,0.527,2.0169,0.002,1
1229,2005,0.002,-0.851,0.209,0.347,0.508,2.26834,-0.636,0
1230,2005,-0.636,0.002,-0.851,0.209,0.347,2.37469,1.216,1
1231,2005,1.216,-0.636,0.002,-0.851,0.209,2.61483,0.032,1
1232,2005,0.032,1.216,-0.636,0.002,-0.851,2.12558,-0.236,0
1233,2005,-0.236,0.032,1.216,-0.636,0.002,2.32584,0.128,1
1234,2005,0.128,-0.236,0.032,1.216,-0.636,2.11074,-0.501,0
1235,2005,-0.501,0.128,-0.236,0.032,1.216,2.09383,-0.122,0
1236,2005,-0.122,-0.501,0.128,-0.236,0.032,2.1783,0.281,1
1237,2005,0.281,-0.122,-0.501,0.128,-0.236,1.89629,0.084,1
1238,2005,0.084,0.281,-0.122,-0.501,0.128,1.87655,0.555,1
1239,2005,0.555,0.084,0.281,-0.122,-0.501,2.39002,0.419,1
1240,2005,0.419,0.555,0.084,0.281,-0.122,2.14552,-0.141,0
1241,2005,-0.141,0.419,0.555,0.084,0.281,2.18059,-0.285,0
1242,2005,-0.285,-0.141,0.419,0.555,0.084,2.58419,-0.584,0
1243,2005,-0.584,-0.285,-0.141,0.419,0.555,2.20881,-0.024,0
1244,2005,-0.024,-0.584,-0.285,-0.141,0.419,1.99669,0.252,1
1245,2005,0.252,-0.024,-0.584,-0.285,-0.141,2.06517,0.422,1
1246,2005,0.422,0.252,-0.024,-0.584,-0.285,1.8885,0.043,1
1247,2005,0.043,0.422,0.252,-0.024,-0.584,1.28581,-0.955,0
1248,2005,-0.955,0.043,0.422,0.252,-0.024,1.54047,0.13,1
1249,2005,0.13,-0.955,0.043,0.422,0.252,1.42236,-0.298,0
1250,2005,-0.298,0.13,-0.955,0.043,0.422,1.38254,-0.489,0
